iteration,parallelism_type,start_ts,end_ts,duration_ns,kernel_name,collective_name,in_msg_nelems,group_desc,group_ranks,bytes
10,DP,6927252790146781.0,6927252925961975.0,135815194,ncclDevKernel_AllGather_RING_LL(ncclDevKernelArgsStorage<4096ul>),_allgather_base,65667072.0,mesh_dp_shard,"[0, 4]",262668288
10,DP,6927252925964215.0,6927252986127549.0,60163334,ncclDevKernel_AllGather_RING_LL(ncclDevKernelArgsStorage<4096ul>),_allgather_base,27267072.0,mesh_dp_shard,"[0, 4]",109068288
10,DP,6927252986129309.0,6927253050619947.0,64490638,ncclDevKernel_AllGather_RING_LL(ncclDevKernelArgsStorage<4096ul>),_allgather_base,27267072.0,mesh_dp_shard,"[0, 4]",109068288
10,DP,6927253050623331.0,6927253134512206.0,83888875,ncclDevKernel_AllGather_RING_LL(ncclDevKernelArgsStorage<4096ul>),_allgather_base,27267072.0,mesh_dp_shard,"[0, 4]",109068288
10,DP,6927250000000000.0,6927253218364537.0,83837547,ncclDevKernel_AllGather_RING_LL(ncclDevKernelArgsStorage<4096ul>),_allgather_base,27267072.0,mesh_dp_shard,"[0, 4]",109068288
10,DP,6927253218409304.0,6927253300642444.0,82233140,ncclDevKernel_AllGather_RING_LL(ncclDevKernelArgsStorage<4096ul>),_allgather_base,27267072.0,mesh_dp_shard,"[0, 4]",109068288
10,DP,6927253300646188.0,6927253383124254.0,82478066,ncclDevKernel_AllGather_RING_LL(ncclDevKernelArgsStorage<4096ul>),_allgather_base,27267072.0,mesh_dp_shard,"[0, 4]",109068288
10,DP,6927253383129438.0,6927253460771017.0,77641579,ncclDevKernel_AllGather_RING_LL(ncclDevKernelArgsStorage<4096ul>),_allgather_base,27267072.0,mesh_dp_shard,"[0, 4]",109068288
10,DP,6927253460831401.0,6927250000000000.0,81138009,ncclDevKernel_AllGather_RING_LL(ncclDevKernelArgsStorage<4096ul>),_allgather_base,27267072.0,mesh_dp_shard,"[0, 4]",109068288
10,DP,6927253541998722.0,6927253622684413.0,80685691,ncclDevKernel_AllGather_RING_LL(ncclDevKernelArgsStorage<4096ul>),_allgather_base,27267072.0,mesh_dp_shard,"[0, 4]",109068288
10,DP,6927253622689245.0,6927253705710221.0,83020976,ncclDevKernel_AllGather_RING_LL(ncclDevKernelArgsStorage<4096ul>),_allgather_base,27267072.0,mesh_dp_shard,"[0, 4]",109068288
10,DP,6927253705712845.0,6927253785353613.0,79640768,ncclDevKernel_AllGather_RING_LL(ncclDevKernelArgsStorage<4096ul>),_allgather_base,27267072.0,mesh_dp_shard,"[0, 4]",109068288
10,DP,6927253785357774.0,6927253867007076.0,81649302,ncclDevKernel_AllGather_RING_LL(ncclDevKernelArgsStorage<4096ul>),_allgather_base,27267072.0,mesh_dp_shard,"[0, 4]",109068288
10,DP,6927250000000000.0,6927253947915934.0,80906234,ncclDevKernel_AllGather_RING_LL(ncclDevKernelArgsStorage<4096ul>),_allgather_base,27267072.0,mesh_dp_shard,"[0, 4]",109068288
10,DP,6927253947920382.0,6927250000000000.0,80977018,ncclDevKernel_AllGather_RING_LL(ncclDevKernelArgsStorage<4096ul>),_allgather_base,27267072.0,mesh_dp_shard,"[0, 4]",109068288
10,DP,6927254028903992.0,6927250000000000.0,78230728,ncclDevKernel_AllGather_RING_LL(ncclDevKernelArgsStorage<4096ul>),_allgather_base,27267072.0,mesh_dp_shard,"[0, 4]",109068288
10,DP,6927254107160992.0,6927254188679063.0,81518071,ncclDevKernel_AllGather_RING_LL(ncclDevKernelArgsStorage<4096ul>),_allgather_base,27267072.0,mesh_dp_shard,"[0, 4]",109068288
10,PP,6927254265256648.0,6927254275080597.0,9823949,ncclDevKernel_SendRecv(ncclDevKernelArgsStorage<4096ul>),,,,,33554432
10,PP,6927255012835952.0,6927256881639299.0,1868803347,ncclDevKernel_SendRecv(ncclDevKernelArgsStorage<4096ul>),,,,,33554432
10,PP,6927258097881242.0,6927261571902989.0,3474021747,ncclDevKernel_SendRecv(ncclDevKernelArgsStorage<4096ul>),,,,,33554432
10,DP,6927262848095497.0,6927263109414998.0,261319501,ncclDevKernel_ReduceScatter_Sum_f32_RING_LL(ncclDevKernelArgsStorage<4096ul>),_reduce_scatter_base,131334144.0,mesh_dp_shard,"[0, 4]",525336576
10,DP,6927263109763572.0,6927260000000000.0,108744648,ncclDevKernel_ReduceScatter_Sum_f32_RING_LL(ncclDevKernelArgsStorage<4096ul>),_reduce_scatter_base,54534144.0,mesh_dp_shard,"[0, 4]",218136576
10,DP,6927263218870938.0,6927263326682951.0,107812013,ncclDevKernel_ReduceScatter_Sum_f32_RING_LL(ncclDevKernelArgsStorage<4096ul>),_reduce_scatter_base,54534144.0,mesh_dp_shard,"[0, 4]",218136576
10,DP,6927263327038885.0,6927263437127847.0,110088962,ncclDevKernel_ReduceScatter_Sum_f32_RING_LL(ncclDevKernelArgsStorage<4096ul>),_reduce_scatter_base,54534144.0,mesh_dp_shard,"[0, 4]",218136576
10,DP,6927263437479333.0,6927263545230611.0,107751278,ncclDevKernel_ReduceScatter_Sum_f32_RING_LL(ncclDevKernelArgsStorage<4096ul>),_reduce_scatter_base,54534144.0,mesh_dp_shard,"[0, 4]",218136576
10,DP,6927263545584017.0,6927263654778071.0,109194054,ncclDevKernel_ReduceScatter_Sum_f32_RING_LL(ncclDevKernelArgsStorage<4096ul>),_reduce_scatter_base,54534144.0,mesh_dp_shard,"[0, 4]",218136576
10,DP,6927260000000000.0,6927263763582303.0,108452713,ncclDevKernel_ReduceScatter_Sum_f32_RING_LL(ncclDevKernelArgsStorage<4096ul>),_reduce_scatter_base,54534144.0,mesh_dp_shard,"[0, 4]",218136576
10,DP,6927263763931134.0,6927263873503298.0,109572164,ncclDevKernel_ReduceScatter_Sum_f32_RING_LL(ncclDevKernelArgsStorage<4096ul>),_reduce_scatter_base,54534144.0,mesh_dp_shard,"[0, 4]",218136576
10,DP,6927263873852288.0,6927263983021766.0,109169478,ncclDevKernel_ReduceScatter_Sum_f32_RING_LL(ncclDevKernelArgsStorage<4096ul>),_reduce_scatter_base,54534144.0,mesh_dp_shard,"[0, 4]",218136576
10,DP,6927263983378148.0,6927264091837582.0,108459434,ncclDevKernel_ReduceScatter_Sum_f32_RING_LL(ncclDevKernelArgsStorage<4096ul>),_reduce_scatter_base,54534144.0,mesh_dp_shard,"[0, 4]",218136576
10,DP,6927264092185101.0,6927264202138095.0,109952994,ncclDevKernel_ReduceScatter_Sum_f32_RING_LL(ncclDevKernelArgsStorage<4096ul>),_reduce_scatter_base,54534144.0,mesh_dp_shard,"[0, 4]",218136576
10,DP,6927264212324121.0,6927264325274988.0,112950867,ncclDevKernel_ReduceScatter_Sum_f32_RING_LL(ncclDevKernelArgsStorage<4096ul>),_reduce_scatter_base,54534144.0,mesh_dp_shard,"[0, 4]",218136576
10,DP,6927264335721558.0,6927264447952972.0,112231414,ncclDevKernel_ReduceScatter_Sum_f32_RING_LL(ncclDevKernelArgsStorage<4096ul>),_reduce_scatter_base,54534144.0,mesh_dp_shard,"[0, 4]",218136576
10,DP,6927264457895672.0,6927264569391218.0,111495546,ncclDevKernel_ReduceScatter_Sum_f32_RING_LL(ncclDevKernelArgsStorage<4096ul>),_reduce_scatter_base,54534144.0,mesh_dp_shard,"[0, 4]",218136576
10,DP,6927264580639831.0,6927264691110647.0,110470816,ncclDevKernel_ReduceScatter_Sum_f32_RING_LL(ncclDevKernelArgsStorage<4096ul>),_reduce_scatter_base,54534144.0,mesh_dp_shard,"[0, 4]",218136576
10,DP,6927264701816767.0,6927264812733692.0,110916925,ncclDevKernel_ReduceScatter_Sum_f32_RING_LL(ncclDevKernelArgsStorage<4096ul>),_reduce_scatter_base,54534144.0,mesh_dp_shard,"[0, 4]",218136576
10,DP,6927264823893826.0,6927264929687802.0,105793976,ncclDevKernel_ReduceScatter_Sum_f32_RING_LL(ncclDevKernelArgsStorage<4096ul>),_reduce_scatter_base,54534144.0,mesh_dp_shard,"[0, 4]",218136576
10,DP,6927264941767387.0,6927264941785115.0,17728,ncclDevKernel_AllReduce_Sum_f32_RING_LL(ncclDevKernelArgsStorage<4096ul>),allreduce,1.0,mesh_dp_shard,"[0, 4]",4
10,PP,6927265067880168.0,6927270000000000.0,9312,ncclDevKernel_AllReduce_Sum_f32_RING_LL(ncclDevKernelArgsStorage<4096ul>),allreduce,1.0,mesh_pp,"[0, 8]",4
11,DP,6927265083692854.0,6927265215861444.0,132168590,ncclDevKernel_AllGather_RING_LL(ncclDevKernelArgsStorage<4096ul>),_allgather_base,65667072.0,mesh_dp_shard,"[0, 4]",262668288
11,DP,6927270000000000.0,6927265274318067.0,58454127,ncclDevKernel_AllGather_RING_LL(ncclDevKernelArgsStorage<4096ul>),_allgather_base,27267072.0,mesh_dp_shard,"[0, 4]",109068288
11,DP,6927265274332179.0,6927265333670301.0,59338122,ncclDevKernel_AllGather_RING_LL(ncclDevKernelArgsStorage<4096ul>),_allgather_base,27267072.0,mesh_dp_shard,"[0, 4]",109068288
11,DP,6927265333676893.0,6927265419713469.0,86036576,ncclDevKernel_AllGather_RING_LL(ncclDevKernelArgsStorage<4096ul>),_allgather_base,27267072.0,mesh_dp_shard,"[0, 4]",109068288
11,DP,6927265419730396.0,6927265504583681.0,84853285,ncclDevKernel_AllGather_RING_LL(ncclDevKernelArgsStorage<4096ul>),_allgather_base,27267072.0,mesh_dp_shard,"[0, 4]",109068288
11,DP,6927265504586241.0,6927265587931502.0,83345261,ncclDevKernel_AllGather_RING_LL(ncclDevKernelArgsStorage<4096ul>),_allgather_base,27267072.0,mesh_dp_shard,"[0, 4]",109068288
11,DP,6927265587937262.0,6927270000000000.0,83599148,ncclDevKernel_AllGather_RING_LL(ncclDevKernelArgsStorage<4096ul>),_allgather_base,27267072.0,mesh_dp_shard,"[0, 4]",109068288
11,DP,6927265671542618.0,6927265757556313.0,86013695,ncclDevKernel_AllGather_RING_LL(ncclDevKernelArgsStorage<4096ul>),_allgather_base,27267072.0,mesh_dp_shard,"[0, 4]",109068288
11,DP,6927265757561955.0,6927265840598966.0,83037011,ncclDevKernel_AllGather_RING_LL(ncclDevKernelArgsStorage<4096ul>),_allgather_base,27267072.0,mesh_dp_shard,"[0, 4]",109068288
11,DP,6927265840603958.0,6927265923730247.0,83126289,ncclDevKernel_AllGather_RING_LL(ncclDevKernelArgsStorage<4096ul>),_allgather_base,27267072.0,mesh_dp_shard,"[0, 4]",109068288
11,DP,6927265923738087.0,6927266007767668.0,84029581,ncclDevKernel_AllGather_RING_LL(ncclDevKernelArgsStorage<4096ul>),_allgather_base,27267072.0,mesh_dp_shard,"[0, 4]",109068288
11,DP,6927266007774292.0,6927270000000000.0,83831278,ncclDevKernel_AllGather_RING_LL(ncclDevKernelArgsStorage<4096ul>),_allgather_base,27267072.0,mesh_dp_shard,"[0, 4]",109068288
11,DP,6927266091608258.0,6927266174367126.0,82758868,ncclDevKernel_AllGather_RING_LL(ncclDevKernelArgsStorage<4096ul>),_allgather_base,27267072.0,mesh_dp_shard,"[0, 4]",109068288
11,DP,6927270000000000.0,6927266258149924.0,83760174,ncclDevKernel_AllGather_RING_LL(ncclDevKernelArgsStorage<4096ul>),_allgather_base,27267072.0,mesh_dp_shard,"[0, 4]",109068288
11,DP,6927266258157636.0,6927266339377376.0,81219740,ncclDevKernel_AllGather_RING_LL(ncclDevKernelArgsStorage<4096ul>),_allgather_base,27267072.0,mesh_dp_shard,"[0, 4]",109068288
11,DP,6927270000000000.0,6927266421322839.0,81941079,ncclDevKernel_AllGather_RING_LL(ncclDevKernelArgsStorage<4096ul>),_allgather_base,27267072.0,mesh_dp_shard,"[0, 4]",109068288
11,DP,6927266421327223.0,6927266504831495.0,83504272,ncclDevKernel_AllGather_RING_LL(ncclDevKernelArgsStorage<4096ul>),_allgather_base,27267072.0,mesh_dp_shard,"[0, 4]",109068288
11,PP,6927266585467366.0,6927266594777781.0,9310415,ncclDevKernel_SendRecv(ncclDevKernelArgsStorage<4096ul>),,,,,33554432
11,PP,6927267329496471.0,6927269202801607.0,1873305136,ncclDevKernel_SendRecv(ncclDevKernelArgsStorage<4096ul>),,,,,33554432
11,PP,6927270417482233.0,6927274023922993.0,3606440760,ncclDevKernel_SendRecv(ncclDevKernelArgsStorage<4096ul>),,,,,33554432
11,DP,6927275378705828.0,6927275641946188.0,263240360,ncclDevKernel_ReduceScatter_Sum_f32_RING_LL(ncclDevKernelArgsStorage<4096ul>),_reduce_scatter_base,131334144.0,mesh_dp_shard,"[0, 4]",525336576
11,DP,6927275642298955.0,6927275751566611.0,109267656,ncclDevKernel_ReduceScatter_Sum_f32_RING_LL(ncclDevKernelArgsStorage<4096ul>),_reduce_scatter_base,54534144.0,mesh_dp_shard,"[0, 4]",218136576
11,DP,6927275751919634.0,6927275860962555.0,109042921,ncclDevKernel_ReduceScatter_Sum_f32_RING_LL(ncclDevKernelArgsStorage<4096ul>),_reduce_scatter_base,54534144.0,mesh_dp_shard,"[0, 4]",218136576
11,DP,6927275861317625.0,6927275969376584.0,108058959,ncclDevKernel_ReduceScatter_Sum_f32_RING_LL(ncclDevKernelArgsStorage<4096ul>),_reduce_scatter_base,54534144.0,mesh_dp_shard,"[0, 4]",218136576
11,DP,6927280000000000.0,6927276077463734.0,107718064,ncclDevKernel_ReduceScatter_Sum_f32_RING_LL(ncclDevKernelArgsStorage<4096ul>),_reduce_scatter_base,54534144.0,mesh_dp_shard,"[0, 4]",218136576
11,DP,6927276077818068.0,6927276186285153.0,108467085,ncclDevKernel_ReduceScatter_Sum_f32_RING_LL(ncclDevKernelArgsStorage<4096ul>),_reduce_scatter_base,54534144.0,mesh_dp_shard,"[0, 4]",218136576
11,DP,6927276186640863.0,6927276295897895.0,109257032,ncclDevKernel_ReduceScatter_Sum_f32_RING_LL(ncclDevKernelArgsStorage<4096ul>),_reduce_scatter_base,54534144.0,mesh_dp_shard,"[0, 4]",218136576
11,DP,6927276296253669.0,6927276405156847.0,108903178,ncclDevKernel_ReduceScatter_Sum_f32_RING_LL(ncclDevKernelArgsStorage<4096ul>),_reduce_scatter_base,54534144.0,mesh_dp_shard,"[0, 4]",218136576
11,DP,6927280000000000.0,6927280000000000.0,109681030,ncclDevKernel_ReduceScatter_Sum_f32_RING_LL(ncclDevKernelArgsStorage<4096ul>),_reduce_scatter_base,54534144.0,mesh_dp_shard,"[0, 4]",218136576
11,DP,6927280000000000.0,6927276625540023.0,109986373,ncclDevKernel_ReduceScatter_Sum_f32_RING_LL(ncclDevKernelArgsStorage<4096ul>),_reduce_scatter_base,54534144.0,mesh_dp_shard,"[0, 4]",218136576
11,DP,6927276625891189.0,6927276735475547.0,109584358,ncclDevKernel_ReduceScatter_Sum_f32_RING_LL(ncclDevKernelArgsStorage<4096ul>),_reduce_scatter_base,54534144.0,mesh_dp_shard,"[0, 4]",218136576
11,DP,6927276735830233.0,6927276846650042.0,110819809,ncclDevKernel_ReduceScatter_Sum_f32_RING_LL(ncclDevKernelArgsStorage<4096ul>),_reduce_scatter_base,54534144.0,mesh_dp_shard,"[0, 4]",218136576
11,DP,6927276847003192.0,6927276956844957.0,109841765,ncclDevKernel_ReduceScatter_Sum_f32_RING_LL(ncclDevKernelArgsStorage<4096ul>),_reduce_scatter_base,54534144.0,mesh_dp_shard,"[0, 4]",218136576
11,DP,6927276957197403.0,6927277068394426.0,111197023,ncclDevKernel_ReduceScatter_Sum_f32_RING_LL(ncclDevKernelArgsStorage<4096ul>),_reduce_scatter_base,54534144.0,mesh_dp_shard,"[0, 4]",218136576
11,DP,6927277068769848.0,6927277180356532.0,111586684,ncclDevKernel_ReduceScatter_Sum_f32_RING_LL(ncclDevKernelArgsStorage<4096ul>),_reduce_scatter_base,54534144.0,mesh_dp_shard,"[0, 4]",218136576
11,DP,6927280000000000.0,6927277293081131.0,110714401,ncclDevKernel_ReduceScatter_Sum_f32_RING_LL(ncclDevKernelArgsStorage<4096ul>),_reduce_scatter_base,54534144.0,mesh_dp_shard,"[0, 4]",218136576
11,DP,6927277298741773.0,6927277404791558.0,106049785,ncclDevKernel_ReduceScatter_Sum_f32_RING_LL(ncclDevKernelArgsStorage<4096ul>),_reduce_scatter_base,54534144.0,mesh_dp_shard,"[0, 4]",218136576
11,DP,6927277415847629.0,6927277415872909.0,25280,ncclDevKernel_AllReduce_Sum_f32_RING_LL(ncclDevKernelArgsStorage<4096ul>),allreduce,1.0,mesh_dp_shard,"[0, 4]",4
11,PP,6927280000000000.0,6927277520688812.0,9472,ncclDevKernel_AllReduce_Sum_f32_RING_LL(ncclDevKernelArgsStorage<4096ul>),allreduce,1.0,mesh_pp,"[0, 8]",4
12,DP,6927277536424026.0,6927277671791739.0,135367713,ncclDevKernel_AllGather_RING_LL(ncclDevKernelArgsStorage<4096ul>),_allgather_base,65667072.0,mesh_dp_shard,"[0, 4]",262668288
12,DP,6927277671794363.0,6927277730677289.0,58882926,ncclDevKernel_AllGather_RING_LL(ncclDevKernelArgsStorage<4096ul>),_allgather_base,27267072.0,mesh_dp_shard,"[0, 4]",109068288
12,DP,6927277730680361.0,6927277799142405.0,68462044,ncclDevKernel_AllGather_RING_LL(ncclDevKernelArgsStorage<4096ul>),_allgather_base,27267072.0,mesh_dp_shard,"[0, 4]",109068288
12,DP,6927277799148773.0,6927277883880877.0,84732104,ncclDevKernel_AllGather_RING_LL(ncclDevKernelArgsStorage<4096ul>),_allgather_base,27267072.0,mesh_dp_shard,"[0, 4]",109068288
12,DP,6927277883883789.0,6927277965338502.0,81454713,ncclDevKernel_AllGather_RING_LL(ncclDevKernelArgsStorage<4096ul>),_allgather_base,27267072.0,mesh_dp_shard,"[0, 4]",109068288
12,DP,6927277965351398.0,6927278043520208.0,78168810,ncclDevKernel_AllGather_RING_LL(ncclDevKernelArgsStorage<4096ul>),_allgather_base,27267072.0,mesh_dp_shard,"[0, 4]",109068288
12,DP,6927278043526096.0,6927278122420342.0,78894246,ncclDevKernel_AllGather_RING_LL(ncclDevKernelArgsStorage<4096ul>),_allgather_base,27267072.0,mesh_dp_shard,"[0, 4]",109068288
12,DP,6927278122425142.0,6927278202962803.0,80537661,ncclDevKernel_AllGather_RING_LL(ncclDevKernelArgsStorage<4096ul>),_allgather_base,27267072.0,mesh_dp_shard,"[0, 4]",109068288
12,DP,6927278202967475.0,6927278283620912.0,80653437,ncclDevKernel_AllGather_RING_LL(ncclDevKernelArgsStorage<4096ul>),_allgather_base,27267072.0,mesh_dp_shard,"[0, 4]",109068288
12,DP,6927278283623952.0,6927278367687068.0,84063116,ncclDevKernel_AllGather_RING_LL(ncclDevKernelArgsStorage<4096ul>),_allgather_base,27267072.0,mesh_dp_shard,"[0, 4]",109068288
12,DP,6927278367691452.0,6927278450590701.0,82899249,ncclDevKernel_AllGather_RING_LL(ncclDevKernelArgsStorage<4096ul>),_allgather_base,27267072.0,mesh_dp_shard,"[0, 4]",109068288
12,DP,6927278450605901.0,6927278532733986.0,82128085,ncclDevKernel_AllGather_RING_LL(ncclDevKernelArgsStorage<4096ul>),_allgather_base,27267072.0,mesh_dp_shard,"[0, 4]",109068288
12,DP,6927278532788866.0,6927278615662675.0,82873809,ncclDevKernel_AllGather_RING_LL(ncclDevKernelArgsStorage<4096ul>),_allgather_base,27267072.0,mesh_dp_shard,"[0, 4]",109068288
12,DP,6927278615668275.0,6927278698870499.0,83202224,ncclDevKernel_AllGather_RING_LL(ncclDevKernelArgsStorage<4096ul>),_allgather_base,27267072.0,mesh_dp_shard,"[0, 4]",109068288
12,DP,6927278698874339.0,6927278780567227.0,81692888,ncclDevKernel_AllGather_RING_LL(ncclDevKernelArgsStorage<4096ul>),_allgather_base,27267072.0,mesh_dp_shard,"[0, 4]",109068288
12,DP,6927278780575578.0,6927280000000000.0,82150262,ncclDevKernel_AllGather_RING_LL(ncclDevKernelArgsStorage<4096ul>),_allgather_base,27267072.0,mesh_dp_shard,"[0, 4]",109068288
12,DP,6927278862748367.0,6927278944280264.0,81531897,ncclDevKernel_AllGather_RING_LL(ncclDevKernelArgsStorage<4096ul>),_allgather_base,27267072.0,mesh_dp_shard,"[0, 4]",109068288
12,PP,6927279041423087.0,6927279050905438.0,9482351,ncclDevKernel_SendRecv(ncclDevKernelArgsStorage<4096ul>),,,,,33554432
12,PP,6927279785151209.0,6927281654102666.0,1868951457,ncclDevKernel_SendRecv(ncclDevKernelArgsStorage<4096ul>),,,,,33554432
12,PP,6927282868667929.0,6927286455420621.0,3586752692,ncclDevKernel_SendRecv(ncclDevKernelArgsStorage<4096ul>),,,,,33554432
12,DP,6927287833663741.0,6927288096147079.0,262483338,ncclDevKernel_ReduceScatter_Sum_f32_RING_LL(ncclDevKernelArgsStorage<4096ul>),_reduce_scatter_base,131334144.0,mesh_dp_shard,"[0, 4]",525336576
12,DP,6927288096512453.0,6927290000000000.0,107542897,ncclDevKernel_ReduceScatter_Sum_f32_RING_LL(ncclDevKernelArgsStorage<4096ul>),_reduce_scatter_base,54534144.0,mesh_dp_shard,"[0, 4]",218136576
12,DP,6927290000000000.0,6927288311718405.0,107306225,ncclDevKernel_ReduceScatter_Sum_f32_RING_LL(ncclDevKernelArgsStorage<4096ul>),_reduce_scatter_base,54534144.0,mesh_dp_shard,"[0, 4]",218136576
12,DP,6927288312075459.0,6927288422195143.0,110119684,ncclDevKernel_ReduceScatter_Sum_f32_RING_LL(ncclDevKernelArgsStorage<4096ul>),_reduce_scatter_base,54534144.0,mesh_dp_shard,"[0, 4]",218136576
12,DP,6927288422546821.0,6927288530513203.0,107966382,ncclDevKernel_ReduceScatter_Sum_f32_RING_LL(ncclDevKernelArgsStorage<4096ul>),_reduce_scatter_base,54534144.0,mesh_dp_shard,"[0, 4]",218136576
12,DP,6927288530869169.0,6927290000000000.0,110850911,ncclDevKernel_ReduceScatter_Sum_f32_RING_LL(ncclDevKernelArgsStorage<4096ul>),_reduce_scatter_base,54534144.0,mesh_dp_shard,"[0, 4]",218136576
12,DP,6927288642074639.0,6927288750662905.0,108588266,ncclDevKernel_ReduceScatter_Sum_f32_RING_LL(ncclDevKernelArgsStorage<4096ul>),_reduce_scatter_base,54534144.0,mesh_dp_shard,"[0, 4]",218136576
12,DP,6927288751027959.0,6927288858096426.0,107068467,ncclDevKernel_ReduceScatter_Sum_f32_RING_LL(ncclDevKernelArgsStorage<4096ul>),_reduce_scatter_base,54534144.0,mesh_dp_shard,"[0, 4]",218136576
12,DP,6927288858450185.0,6927288967057299.0,108607114,ncclDevKernel_ReduceScatter_Sum_f32_RING_LL(ncclDevKernelArgsStorage<4096ul>),_reduce_scatter_base,54534144.0,mesh_dp_shard,"[0, 4]",218136576
12,DP,6927288967417746.0,6927289077551284.0,110133538,ncclDevKernel_ReduceScatter_Sum_f32_RING_LL(ncclDevKernelArgsStorage<4096ul>),_reduce_scatter_base,54534144.0,mesh_dp_shard,"[0, 4]",218136576
12,DP,6927290000000000.0,6927289187825526.0,109918916,ncclDevKernel_ReduceScatter_Sum_f32_RING_LL(ncclDevKernelArgsStorage<4096ul>),_reduce_scatter_base,54534144.0,mesh_dp_shard,"[0, 4]",218136576
12,DP,6927289188193781.0,6927289299295699.0,111101918,ncclDevKernel_ReduceScatter_Sum_f32_RING_LL(ncclDevKernelArgsStorage<4096ul>),_reduce_scatter_base,54534144.0,mesh_dp_shard,"[0, 4]",218136576
12,DP,6927289299653393.0,6927289410504336.0,110850943,ncclDevKernel_ReduceScatter_Sum_f32_RING_LL(ncclDevKernelArgsStorage<4096ul>),_reduce_scatter_base,54534144.0,mesh_dp_shard,"[0, 4]",218136576
12,DP,6927289410857614.0,6927289524936956.0,114079342,ncclDevKernel_ReduceScatter_Sum_f32_RING_LL(ncclDevKernelArgsStorage<4096ul>),_reduce_scatter_base,54534144.0,mesh_dp_shard,"[0, 4]",218136576
12,DP,6927289525292219.0,6927289638944683.0,113652464,ncclDevKernel_ReduceScatter_Sum_f32_RING_LL(ncclDevKernelArgsStorage<4096ul>),_reduce_scatter_base,54534144.0,mesh_dp_shard,"[0, 4]",218136576
12,DP,6927289639297257.0,6927289749868202.0,110570945,ncclDevKernel_ReduceScatter_Sum_f32_RING_LL(ncclDevKernelArgsStorage<4096ul>),_reduce_scatter_base,54534144.0,mesh_dp_shard,"[0, 4]",218136576
12,DP,6927289750222792.0,6927289866673642.0,116450850,ncclDevKernel_ReduceScatter_Sum_f32_RING_LL(ncclDevKernelArgsStorage<4096ul>),_reduce_scatter_base,54534144.0,mesh_dp_shard,"[0, 4]",218136576
12,DP,6927289877631377.0,6927289877836976.0,205599,ncclDevKernel_AllReduce_Sum_f32_RING_LL(ncclDevKernelArgsStorage<4096ul>),allreduce,1.0,mesh_dp_shard,"[0, 4]",4
12,PP,6927289959993093.0,6927289960002404.0,9311,ncclDevKernel_AllReduce_Sum_f32_RING_LL(ncclDevKernelArgsStorage<4096ul>),allreduce,1.0,mesh_pp,"[0, 8]",4
13,DP,6927290000000000.0,6927290113222695.0,137464405,ncclDevKernel_AllGather_RING_LL(ncclDevKernelArgsStorage<4096ul>),_allgather_base,65667072.0,mesh_dp_shard,"[0, 4]",262668288
13,DP,6927290113224999.0,6927290175058629.0,61833630,ncclDevKernel_AllGather_RING_LL(ncclDevKernelArgsStorage<4096ul>),_allgather_base,27267072.0,mesh_dp_shard,"[0, 4]",109068288
13,DP,6927290175060677.0,6927290243946303.0,68885626,ncclDevKernel_AllGather_RING_LL(ncclDevKernelArgsStorage<4096ul>),_allgather_base,27267072.0,mesh_dp_shard,"[0, 4]",109068288
13,DP,6927290243949503.0,6927290332300339.0,88350836,ncclDevKernel_AllGather_RING_LL(ncclDevKernelArgsStorage<4096ul>),_allgather_base,27267072.0,mesh_dp_shard,"[0, 4]",109068288
13,DP,6927290332306483.0,6927290420018634.0,87712151,ncclDevKernel_AllGather_RING_LL(ncclDevKernelArgsStorage<4096ul>),_allgather_base,27267072.0,mesh_dp_shard,"[0, 4]",109068288
13,DP,6927290000000000.0,6927290000000000.0,91132870,ncclDevKernel_AllGather_RING_LL(ncclDevKernelArgsStorage<4096ul>),_allgather_base,27267072.0,mesh_dp_shard,"[0, 4]",109068288
13,DP,6927290000000000.0,6927290596955186.0,85777986,ncclDevKernel_AllGather_RING_LL(ncclDevKernelArgsStorage<4096ul>),_allgather_base,27267072.0,mesh_dp_shard,"[0, 4]",109068288
13,DP,6927290596959506.0,6927290682377109.0,85417603,ncclDevKernel_AllGather_RING_LL(ncclDevKernelArgsStorage<4096ul>),_allgather_base,27267072.0,mesh_dp_shard,"[0, 4]",109068288
13,DP,6927290682379797.0,6927290768149943.0,85770146,ncclDevKernel_AllGather_RING_LL(ncclDevKernelArgsStorage<4096ul>),_allgather_base,27267072.0,mesh_dp_shard,"[0, 4]",109068288
13,DP,6927290768152823.0,6927290854536278.0,86383455,ncclDevKernel_AllGather_RING_LL(ncclDevKernelArgsStorage<4096ul>),_allgather_base,27267072.0,mesh_dp_shard,"[0, 4]",109068288
13,DP,6927290854539382.0,6927290937383878.0,82844496,ncclDevKernel_AllGather_RING_LL(ncclDevKernelArgsStorage<4096ul>),_allgather_base,27267072.0,mesh_dp_shard,"[0, 4]",109068288
13,DP,6927290937386311.0,6927291021277778.0,83891467,ncclDevKernel_AllGather_RING_LL(ncclDevKernelArgsStorage<4096ul>),_allgather_base,27267072.0,mesh_dp_shard,"[0, 4]",109068288
13,DP,6927291021283506.0,6927291106424375.0,85140869,ncclDevKernel_AllGather_RING_LL(ncclDevKernelArgsStorage<4096ul>),_allgather_base,27267072.0,mesh_dp_shard,"[0, 4]",109068288
13,DP,6927291106428375.0,6927291189868133.0,83439758,ncclDevKernel_AllGather_RING_LL(ncclDevKernelArgsStorage<4096ul>),_allgather_base,27267072.0,mesh_dp_shard,"[0, 4]",109068288
13,DP,6927291189872069.0,6927291271709627.0,81837558,ncclDevKernel_AllGather_RING_LL(ncclDevKernelArgsStorage<4096ul>),_allgather_base,27267072.0,mesh_dp_shard,"[0, 4]",109068288
13,DP,6927291271714011.0,6927291353360146.0,81646135,ncclDevKernel_AllGather_RING_LL(ncclDevKernelArgsStorage<4096ul>),_allgather_base,27267072.0,mesh_dp_shard,"[0, 4]",109068288
13,DP,6927291353363154.0,6927291432047288.0,78684134,ncclDevKernel_AllGather_RING_LL(ncclDevKernelArgsStorage<4096ul>),_allgather_base,27267072.0,mesh_dp_shard,"[0, 4]",109068288
13,PP,6927291477716171.0,6927291487494072.0,9777901,ncclDevKernel_SendRecv(ncclDevKernelArgsStorage<4096ul>),,,,,33554432
13,PP,6927292225197209.0,6927294101222231.0,1876025022,ncclDevKernel_SendRecv(ncclDevKernelArgsStorage<4096ul>),,,,,33554432
13,PP,6927295316694623.0,6927298756535477.0,3439840854,ncclDevKernel_SendRecv(ncclDevKernelArgsStorage<4096ul>),,,,,33554432
13,DP,6927299980732115.0,6927300244475578.0,263743463,ncclDevKernel_ReduceScatter_Sum_f32_RING_LL(ncclDevKernelArgsStorage<4096ul>),_reduce_scatter_base,131334144.0,mesh_dp_shard,"[0, 4]",525336576
13,DP,6927300000000000.0,6927300351883481.0,107058561,ncclDevKernel_ReduceScatter_Sum_f32_RING_LL(ncclDevKernelArgsStorage<4096ul>),_reduce_scatter_base,54534144.0,mesh_dp_shard,"[0, 4]",218136576
13,DP,6927300352243351.0,6927300000000000.0,106591139,ncclDevKernel_ReduceScatter_Sum_f32_RING_LL(ncclDevKernelArgsStorage<4096ul>),_reduce_scatter_base,54534144.0,mesh_dp_shard,"[0, 4]",218136576
13,DP,6927300459194872.0,6927300568380622.0,109185750,ncclDevKernel_ReduceScatter_Sum_f32_RING_LL(ncclDevKernelArgsStorage<4096ul>),_reduce_scatter_base,54534144.0,mesh_dp_shard,"[0, 4]",218136576
13,DP,6927300568742925.0,6927300677801731.0,109058806,ncclDevKernel_ReduceScatter_Sum_f32_RING_LL(ncclDevKernelArgsStorage<4096ul>),_reduce_scatter_base,54534144.0,mesh_dp_shard,"[0, 4]",218136576
13,DP,6927300000000000.0,6927300787659254.0,109501524,ncclDevKernel_ReduceScatter_Sum_f32_RING_LL(ncclDevKernelArgsStorage<4096ul>),_reduce_scatter_base,54534144.0,mesh_dp_shard,"[0, 4]",218136576
13,DP,6927300788008532.0,6927300895894609.0,107886077,ncclDevKernel_ReduceScatter_Sum_f32_RING_LL(ncclDevKernelArgsStorage<4096ul>),_reduce_scatter_base,54534144.0,mesh_dp_shard,"[0, 4]",218136576
13,DP,6927300896258319.0,6927301007831833.0,111573514,ncclDevKernel_ReduceScatter_Sum_f32_RING_LL(ncclDevKernelArgsStorage<4096ul>),_reduce_scatter_base,54534144.0,mesh_dp_shard,"[0, 4]",218136576
13,DP,6927301008181687.0,6927300000000000.0,108706393,ncclDevKernel_ReduceScatter_Sum_f32_RING_LL(ncclDevKernelArgsStorage<4096ul>),_reduce_scatter_base,54534144.0,mesh_dp_shard,"[0, 4]",218136576
13,DP,6927301117241486.0,6927301224335407.0,107093921,ncclDevKernel_ReduceScatter_Sum_f32_RING_LL(ncclDevKernelArgsStorage<4096ul>),_reduce_scatter_base,54534144.0,mesh_dp_shard,"[0, 4]",218136576
13,DP,6927301224699277.0,6927300000000000.0,110217713,ncclDevKernel_ReduceScatter_Sum_f32_RING_LL(ncclDevKernelArgsStorage<4096ul>),_reduce_scatter_base,54534144.0,mesh_dp_shard,"[0, 4]",218136576
13,DP,6927301335273372.0,6927301443147065.0,107873693,ncclDevKernel_ReduceScatter_Sum_f32_RING_LL(ncclDevKernelArgsStorage<4096ul>),_reduce_scatter_base,54534144.0,mesh_dp_shard,"[0, 4]",218136576
13,DP,6927301443501207.0,6927301552721901.0,109220694,ncclDevKernel_ReduceScatter_Sum_f32_RING_LL(ncclDevKernelArgsStorage<4096ul>),_reduce_scatter_base,54534144.0,mesh_dp_shard,"[0, 4]",218136576
13,DP,6927301553075052.0,6927301661249383.0,108174331,ncclDevKernel_ReduceScatter_Sum_f32_RING_LL(ncclDevKernelArgsStorage<4096ul>),_reduce_scatter_base,54534144.0,mesh_dp_shard,"[0, 4]",218136576
13,DP,6927301661595429.0,6927301769804896.0,108209467,ncclDevKernel_ReduceScatter_Sum_f32_RING_LL(ncclDevKernelArgsStorage<4096ul>),_reduce_scatter_base,54534144.0,mesh_dp_shard,"[0, 4]",218136576
13,DP,6927301779872941.0,6927301893116335.0,113243394,ncclDevKernel_ReduceScatter_Sum_f32_RING_LL(ncclDevKernelArgsStorage<4096ul>),_reduce_scatter_base,54534144.0,mesh_dp_shard,"[0, 4]",218136576
13,DP,6927301900023948.0,6927302008435685.0,108411737,ncclDevKernel_ReduceScatter_Sum_f32_RING_LL(ncclDevKernelArgsStorage<4096ul>),_reduce_scatter_base,54534144.0,mesh_dp_shard,"[0, 4]",218136576
13,DP,6927302018874256.0,6927302019891564.0,1017308,ncclDevKernel_AllReduce_Sum_f32_RING_LL(ncclDevKernelArgsStorage<4096ul>),allreduce,1.0,mesh_dp_shard,"[0, 4]",4
13,PP,6927302127410664.0,6927302127419881.0,9217,ncclDevKernel_AllReduce_Sum_f32_RING_LL(ncclDevKernelArgsStorage<4096ul>),allreduce,1.0,mesh_pp,"[0, 8]",4
14,DP,6927300000000000.0,6927302297835848.0,154691858,ncclDevKernel_AllGather_RING_LL(ncclDevKernelArgsStorage<4096ul>),_allgather_base,65667072.0,mesh_dp_shard,"[0, 4]",262668288
14,DP,6927300000000000.0,6927302358006443.0,60169283,ncclDevKernel_AllGather_RING_LL(ncclDevKernelArgsStorage<4096ul>),_allgather_base,27267072.0,mesh_dp_shard,"[0, 4]",109068288
14,DP,6927302358008716.0,6927302435769778.0,77761062,ncclDevKernel_AllGather_RING_LL(ncclDevKernelArgsStorage<4096ul>),_allgather_base,27267072.0,mesh_dp_shard,"[0, 4]",109068288
14,DP,6927300000000000.0,6927300000000000.0,85986300,ncclDevKernel_AllGather_RING_LL(ncclDevKernelArgsStorage<4096ul>),_allgather_base,27267072.0,mesh_dp_shard,"[0, 4]",109068288
14,DP,6927302521783406.0,6927302607106189.0,85322783,ncclDevKernel_AllGather_RING_LL(ncclDevKernelArgsStorage<4096ul>),_allgather_base,27267072.0,mesh_dp_shard,"[0, 4]",109068288
14,DP,6927302607136205.0,6927302690357079.0,83220874,ncclDevKernel_AllGather_RING_LL(ncclDevKernelArgsStorage<4096ul>),_allgather_base,27267072.0,mesh_dp_shard,"[0, 4]",109068288
14,DP,6927302690361207.0,6927302773368098.0,83006891,ncclDevKernel_AllGather_RING_LL(ncclDevKernelArgsStorage<4096ul>),_allgather_base,27267072.0,mesh_dp_shard,"[0, 4]",109068288
14,DP,6927302773370211.0,6927302859178431.0,85808220,ncclDevKernel_AllGather_RING_LL(ncclDevKernelArgsStorage<4096ul>),_allgather_base,27267072.0,mesh_dp_shard,"[0, 4]",109068288
14,DP,6927302859180095.0,6927302942643688.0,83463593,ncclDevKernel_AllGather_RING_LL(ncclDevKernelArgsStorage<4096ul>),_allgather_base,27267072.0,mesh_dp_shard,"[0, 4]",109068288
14,DP,6927302942646376.0,6927303025428341.0,82781965,ncclDevKernel_AllGather_RING_LL(ncclDevKernelArgsStorage<4096ul>),_allgather_base,27267072.0,mesh_dp_shard,"[0, 4]",109068288
14,DP,6927303025430421.0,6927303110877747.0,85447326,ncclDevKernel_AllGather_RING_LL(ncclDevKernelArgsStorage<4096ul>),_allgather_base,27267072.0,mesh_dp_shard,"[0, 4]",109068288
14,DP,6927303110882451.0,6927303192721509.0,81839058,ncclDevKernel_AllGather_RING_LL(ncclDevKernelArgsStorage<4096ul>),_allgather_base,27267072.0,mesh_dp_shard,"[0, 4]",109068288
14,DP,6927303192725924.0,6927303275381297.0,82655373,ncclDevKernel_AllGather_RING_LL(ncclDevKernelArgsStorage<4096ul>),_allgather_base,27267072.0,mesh_dp_shard,"[0, 4]",109068288
14,DP,6927303275386674.0,6927303359817973.0,84431299,ncclDevKernel_AllGather_RING_LL(ncclDevKernelArgsStorage<4096ul>),_allgather_base,27267072.0,mesh_dp_shard,"[0, 4]",109068288
14,DP,6927303359822613.0,6927303443903963.0,84081350,ncclDevKernel_AllGather_RING_LL(ncclDevKernelArgsStorage<4096ul>),_allgather_base,27267072.0,mesh_dp_shard,"[0, 4]",109068288
14,DP,6927303443906875.0,6927303526024043.0,82117168,ncclDevKernel_AllGather_RING_LL(ncclDevKernelArgsStorage<4096ul>),_allgather_base,27267072.0,mesh_dp_shard,"[0, 4]",109068288
14,DP,6927303526026251.0,6927303606922178.0,80895927,ncclDevKernel_AllGather_RING_LL(ncclDevKernelArgsStorage<4096ul>),_allgather_base,27267072.0,mesh_dp_shard,"[0, 4]",109068288
14,PP,6927303652378354.0,6927303662348286.0,9969932,ncclDevKernel_SendRecv(ncclDevKernelArgsStorage<4096ul>),,,,,33554432
14,PP,6927304395889899.0,6927306275571242.0,1879681343,ncclDevKernel_SendRecv(ncclDevKernelArgsStorage<4096ul>),,,,,33554432
14,PP,6927307489333035.0,6927310000000000.0,3607894965,ncclDevKernel_SendRecv(ncclDevKernelArgsStorage<4096ul>),,,,,33554432
14,DP,6927312319401916.0,6927312582278515.0,262876599,ncclDevKernel_ReduceScatter_Sum_f32_RING_LL(ncclDevKernelArgsStorage<4096ul>),_reduce_scatter_base,131334144.0,mesh_dp_shard,"[0, 4]",525336576
14,DP,6927310000000000.0,6927312692796599.0,110150789,ncclDevKernel_ReduceScatter_Sum_f32_RING_LL(ncclDevKernelArgsStorage<4096ul>),_reduce_scatter_base,54534144.0,mesh_dp_shard,"[0, 4]",218136576
14,DP,6927312693149653.0,6927312801697505.0,108547852,ncclDevKernel_ReduceScatter_Sum_f32_RING_LL(ncclDevKernelArgsStorage<4096ul>),_reduce_scatter_base,54534144.0,mesh_dp_shard,"[0, 4]",218136576
14,DP,6927312802074655.0,6927312913747548.0,111672893,ncclDevKernel_ReduceScatter_Sum_f32_RING_LL(ncclDevKernelArgsStorage<4096ul>),_reduce_scatter_base,54534144.0,mesh_dp_shard,"[0, 4]",218136576
14,DP,6927312914104059.0,6927313022463784.0,108359725,ncclDevKernel_ReduceScatter_Sum_f32_RING_LL(ncclDevKernelArgsStorage<4096ul>),_reduce_scatter_base,54534144.0,mesh_dp_shard,"[0, 4]",218136576
14,DP,6927313022821446.0,6927313133588263.0,110766817,ncclDevKernel_ReduceScatter_Sum_f32_RING_LL(ncclDevKernelArgsStorage<4096ul>),_reduce_scatter_base,54534144.0,mesh_dp_shard,"[0, 4]",218136576
14,DP,6927313133952166.0,6927313241491286.0,107539120,ncclDevKernel_ReduceScatter_Sum_f32_RING_LL(ncclDevKernelArgsStorage<4096ul>),_reduce_scatter_base,54534144.0,mesh_dp_shard,"[0, 4]",218136576
14,DP,6927313241861525.0,6927313354480237.0,112618712,ncclDevKernel_ReduceScatter_Sum_f32_RING_LL(ncclDevKernelArgsStorage<4096ul>),_reduce_scatter_base,54534144.0,mesh_dp_shard,"[0, 4]",218136576
14,DP,6927313354840395.0,6927310000000000.0,110017925,ncclDevKernel_ReduceScatter_Sum_f32_RING_LL(ncclDevKernelArgsStorage<4096ul>),_reduce_scatter_base,54534144.0,mesh_dp_shard,"[0, 4]",218136576
14,DP,6927313465223406.0,6927313576265518.0,111042112,ncclDevKernel_ReduceScatter_Sum_f32_RING_LL(ncclDevKernelArgsStorage<4096ul>),_reduce_scatter_base,54534144.0,mesh_dp_shard,"[0, 4]",218136576
14,DP,6927313576619021.0,6927313687274991.0,110655970,ncclDevKernel_ReduceScatter_Sum_f32_RING_LL(ncclDevKernelArgsStorage<4096ul>),_reduce_scatter_base,54534144.0,mesh_dp_shard,"[0, 4]",218136576
14,DP,6927313687643277.0,6927310000000000.0,109991653,ncclDevKernel_ReduceScatter_Sum_f32_RING_LL(ncclDevKernelArgsStorage<4096ul>),_reduce_scatter_base,54534144.0,mesh_dp_shard,"[0, 4]",218136576
14,DP,6927310000000000.0,6927313909801004.0,111796444,ncclDevKernel_ReduceScatter_Sum_f32_RING_LL(ncclDevKernelArgsStorage<4096ul>),_reduce_scatter_base,54534144.0,mesh_dp_shard,"[0, 4]",218136576
14,DP,6927313910158795.0,6927314021108843.0,110950048,ncclDevKernel_ReduceScatter_Sum_f32_RING_LL(ncclDevKernelArgsStorage<4096ul>),_reduce_scatter_base,54534144.0,mesh_dp_shard,"[0, 4]",218136576
14,DP,6927310000000000.0,6927310000000000.0,112210490,ncclDevKernel_ReduceScatter_Sum_f32_RING_LL(ncclDevKernelArgsStorage<4096ul>),_reduce_scatter_base,54534144.0,mesh_dp_shard,"[0, 4]",218136576
14,DP,6927314134037282.0,6927314244747012.0,110709730,ncclDevKernel_ReduceScatter_Sum_f32_RING_LL(ncclDevKernelArgsStorage<4096ul>),_reduce_scatter_base,54534144.0,mesh_dp_shard,"[0, 4]",218136576
14,DP,6927314245096546.0,6927314364706872.0,119610326,ncclDevKernel_ReduceScatter_Sum_f32_RING_LL(ncclDevKernelArgsStorage<4096ul>),_reduce_scatter_base,54534144.0,mesh_dp_shard,"[0, 4]",218136576
14,DP,6927314375974688.0,6927310000000000.0,19872,ncclDevKernel_AllReduce_Sum_f32_RING_LL(ncclDevKernelArgsStorage<4096ul>),allreduce,1.0,mesh_dp_shard,"[0, 4]",4
14,PP,6927314434786081.0,6927314434795361.0,9280,ncclDevKernel_AllReduce_Sum_f32_RING_LL(ncclDevKernelArgsStorage<4096ul>),allreduce,1.0,mesh_pp,"[0, 8]",4
15,DP,6927314450652787.0,6927314585621406.0,134968619,ncclDevKernel_AllGather_RING_LL(ncclDevKernelArgsStorage<4096ul>),_allgather_base,65667072.0,mesh_dp_shard,"[0, 4]",262668288
15,DP,6927314585622054.0,6927314645557471.0,59935417,ncclDevKernel_AllGather_RING_LL(ncclDevKernelArgsStorage<4096ul>),_allgather_base,27267072.0,mesh_dp_shard,"[0, 4]",109068288
15,DP,6927314645562591.0,6927314709810304.0,64247713,ncclDevKernel_AllGather_RING_LL(ncclDevKernelArgsStorage<4096ul>),_allgather_base,27267072.0,mesh_dp_shard,"[0, 4]",109068288
15,DP,6927310000000000.0,6927310000000000.0,84473810,ncclDevKernel_AllGather_RING_LL(ncclDevKernelArgsStorage<4096ul>),_allgather_base,27267072.0,mesh_dp_shard,"[0, 4]",109068288
15,DP,6927314794312658.0,6927314876910735.0,82598077,ncclDevKernel_AllGather_RING_LL(ncclDevKernelArgsStorage<4096ul>),_allgather_base,27267072.0,mesh_dp_shard,"[0, 4]",109068288
15,DP,6927314876922799.0,6927314955711201.0,78788402,ncclDevKernel_AllGather_RING_LL(ncclDevKernelArgsStorage<4096ul>),_allgather_base,27267072.0,mesh_dp_shard,"[0, 4]",109068288
15,DP,6927314955714177.0,6927315037286627.0,81572450,ncclDevKernel_AllGather_RING_LL(ncclDevKernelArgsStorage<4096ul>),_allgather_base,27267072.0,mesh_dp_shard,"[0, 4]",109068288
15,DP,6927315037289283.0,6927315117158479.0,79869196,ncclDevKernel_AllGather_RING_LL(ncclDevKernelArgsStorage<4096ul>),_allgather_base,27267072.0,mesh_dp_shard,"[0, 4]",109068288
15,DP,6927315117166287.0,6927315196306367.0,79140080,ncclDevKernel_AllGather_RING_LL(ncclDevKernelArgsStorage<4096ul>),_allgather_base,27267072.0,mesh_dp_shard,"[0, 4]",109068288
15,DP,6927315196312543.0,6927315276856434.0,80543891,ncclDevKernel_AllGather_RING_LL(ncclDevKernelArgsStorage<4096ul>),_allgather_base,27267072.0,mesh_dp_shard,"[0, 4]",109068288
15,DP,6927315276899186.0,6927315360028969.0,83129783,ncclDevKernel_AllGather_RING_LL(ncclDevKernelArgsStorage<4096ul>),_allgather_base,27267072.0,mesh_dp_shard,"[0, 4]",109068288
15,DP,6927315360042089.0,6927315442603683.0,82561594,ncclDevKernel_AllGather_RING_LL(ncclDevKernelArgsStorage<4096ul>),_allgather_base,27267072.0,mesh_dp_shard,"[0, 4]",109068288
15,DP,6927315442608034.0,6927315519513977.0,76905943,ncclDevKernel_AllGather_RING_LL(ncclDevKernelArgsStorage<4096ul>),_allgather_base,27267072.0,mesh_dp_shard,"[0, 4]",109068288
15,DP,6927315519533721.0,6927315599526592.0,79992871,ncclDevKernel_AllGather_RING_LL(ncclDevKernelArgsStorage<4096ul>),_allgather_base,27267072.0,mesh_dp_shard,"[0, 4]",109068288
15,DP,6927315599543488.0,6927315680768736.0,81225248,ncclDevKernel_AllGather_RING_LL(ncclDevKernelArgsStorage<4096ul>),_allgather_base,27267072.0,mesh_dp_shard,"[0, 4]",109068288
15,DP,6927315680772096.0,6927315760920679.0,80148583,ncclDevKernel_AllGather_RING_LL(ncclDevKernelArgsStorage<4096ul>),_allgather_base,27267072.0,mesh_dp_shard,"[0, 4]",109068288
15,DP,6927315760950438.0,6927315838944216.0,77993778,ncclDevKernel_AllGather_RING_LL(ncclDevKernelArgsStorage<4096ul>),_allgather_base,27267072.0,mesh_dp_shard,"[0, 4]",109068288
15,PP,6927315954103659.0,6927315964654837.0,10551178,ncclDevKernel_SendRecv(ncclDevKernelArgsStorage<4096ul>),,,,,33554432
15,PP,6927316699302984.0,6927320000000000.0,1884144926,ncclDevKernel_SendRecv(ncclDevKernelArgsStorage<4096ul>),,,,,33554432
15,PP,6927319799190344.0,6927323248607329.0,3449416985,ncclDevKernel_SendRecv(ncclDevKernelArgsStorage<4096ul>),,,,,33554432
15,DP,6927324560213725.0,6927324821953337.0,261739612,ncclDevKernel_ReduceScatter_Sum_f32_RING_LL(ncclDevKernelArgsStorage<4096ul>),_reduce_scatter_base,131334144.0,mesh_dp_shard,"[0, 4]",525336576
15,DP,6927324822303031.0,6927324930003564.0,107700533,ncclDevKernel_ReduceScatter_Sum_f32_RING_LL(ncclDevKernelArgsStorage<4096ul>),_reduce_scatter_base,54534144.0,mesh_dp_shard,"[0, 4]",218136576
15,DP,6927324930361291.0,6927325040948241.0,110586950,ncclDevKernel_ReduceScatter_Sum_f32_RING_LL(ncclDevKernelArgsStorage<4096ul>),_reduce_scatter_base,54534144.0,mesh_dp_shard,"[0, 4]",218136576
15,DP,6927325041304591.0,6927325150349501.0,109044910,ncclDevKernel_ReduceScatter_Sum_f32_RING_LL(ncclDevKernelArgsStorage<4096ul>),_reduce_scatter_base,54534144.0,mesh_dp_shard,"[0, 4]",218136576
15,DP,6927325150703355.0,6927325261051843.0,110348488,ncclDevKernel_ReduceScatter_Sum_f32_RING_LL(ncclDevKernelArgsStorage<4096ul>),_reduce_scatter_base,54534144.0,mesh_dp_shard,"[0, 4]",218136576
15,DP,6927325261410082.0,6927325369270262.0,107860180,ncclDevKernel_ReduceScatter_Sum_f32_RING_LL(ncclDevKernelArgsStorage<4096ul>),_reduce_scatter_base,54534144.0,mesh_dp_shard,"[0, 4]",218136576
15,DP,6927325369631764.0,6927325478445731.0,108813967,ncclDevKernel_ReduceScatter_Sum_f32_RING_LL(ncclDevKernelArgsStorage<4096ul>),_reduce_scatter_base,54534144.0,mesh_dp_shard,"[0, 4]",218136576
15,DP,6927325478799618.0,6927325590504802.0,111705184,ncclDevKernel_ReduceScatter_Sum_f32_RING_LL(ncclDevKernelArgsStorage<4096ul>),_reduce_scatter_base,54534144.0,mesh_dp_shard,"[0, 4]",218136576
15,DP,6927330000000000.0,6927325701109801.0,110241961,ncclDevKernel_ReduceScatter_Sum_f32_RING_LL(ncclDevKernelArgsStorage<4096ul>),_reduce_scatter_base,54534144.0,mesh_dp_shard,"[0, 4]",218136576
15,DP,6927325701460807.0,6927330000000000.0,112411293,ncclDevKernel_ReduceScatter_Sum_f32_RING_LL(ncclDevKernelArgsStorage<4096ul>),_reduce_scatter_base,54534144.0,mesh_dp_shard,"[0, 4]",218136576
15,DP,6927330000000000.0,6927325924906824.0,110682374,ncclDevKernel_ReduceScatter_Sum_f32_RING_LL(ncclDevKernelArgsStorage<4096ul>),_reduce_scatter_base,54534144.0,mesh_dp_shard,"[0, 4]",218136576
15,DP,6927325927392795.0,6927326039762456.0,112369661,ncclDevKernel_ReduceScatter_Sum_f32_RING_LL(ncclDevKernelArgsStorage<4096ul>),_reduce_scatter_base,54534144.0,mesh_dp_shard,"[0, 4]",218136576
15,DP,6927326050709568.0,6927326161546501.0,110836933,ncclDevKernel_ReduceScatter_Sum_f32_RING_LL(ncclDevKernelArgsStorage<4096ul>),_reduce_scatter_base,54534144.0,mesh_dp_shard,"[0, 4]",218136576
15,DP,6927326174682113.0,6927326288994069.0,114311956,ncclDevKernel_ReduceScatter_Sum_f32_RING_LL(ncclDevKernelArgsStorage<4096ul>),_reduce_scatter_base,54534144.0,mesh_dp_shard,"[0, 4]",218136576
15,DP,6927326298112678.0,6927326408843275.0,110730597,ncclDevKernel_ReduceScatter_Sum_f32_RING_LL(ncclDevKernelArgsStorage<4096ul>),_reduce_scatter_base,54534144.0,mesh_dp_shard,"[0, 4]",218136576
15,DP,6927326421692041.0,6927326532782221.0,111090180,ncclDevKernel_ReduceScatter_Sum_f32_RING_LL(ncclDevKernelArgsStorage<4096ul>),_reduce_scatter_base,54534144.0,mesh_dp_shard,"[0, 4]",218136576
15,DP,6927326542423451.0,6927326647801212.0,105377761,ncclDevKernel_ReduceScatter_Sum_f32_RING_LL(ncclDevKernelArgsStorage<4096ul>),_reduce_scatter_base,54534144.0,mesh_dp_shard,"[0, 4]",218136576
15,DP,6927326658137511.0,6927326658910147.0,772636,ncclDevKernel_AllReduce_Sum_f32_RING_LL(ncclDevKernelArgsStorage<4096ul>),allreduce,1.0,mesh_dp_shard,"[0, 4]",4
15,PP,6927326767514132.0,6927326767523476.0,9344,ncclDevKernel_AllReduce_Sum_f32_RING_LL(ncclDevKernelArgsStorage<4096ul>),allreduce,1.0,mesh_pp,"[0, 8]",4
16,DP,6927326783328738.0,6927326915844312.0,132515574,ncclDevKernel_AllGather_RING_LL(ncclDevKernelArgsStorage<4096ul>),_allgather_base,65667072.0,mesh_dp_shard,"[0, 4]",262668288
16,DP,6927326915846168.0,6927326973248688.0,57402520,ncclDevKernel_AllGather_RING_LL(ncclDevKernelArgsStorage<4096ul>),_allgather_base,27267072.0,mesh_dp_shard,"[0, 4]",109068288
16,DP,6927330000000000.0,6927327035608495.0,62358015,ncclDevKernel_AllGather_RING_LL(ncclDevKernelArgsStorage<4096ul>),_allgather_base,27267072.0,mesh_dp_shard,"[0, 4]",109068288
16,DP,6927327035611845.0,6927327117272032.0,81660187,ncclDevKernel_AllGather_RING_LL(ncclDevKernelArgsStorage<4096ul>),_allgather_base,27267072.0,mesh_dp_shard,"[0, 4]",109068288
16,DP,6927330000000000.0,6927327197698178.0,80405858,ncclDevKernel_AllGather_RING_LL(ncclDevKernelArgsStorage<4096ul>),_allgather_base,27267072.0,mesh_dp_shard,"[0, 4]",109068288
16,DP,6927330000000000.0,6927327280254904.0,82541494,ncclDevKernel_AllGather_RING_LL(ncclDevKernelArgsStorage<4096ul>),_allgather_base,27267072.0,mesh_dp_shard,"[0, 4]",109068288
16,DP,6927330000000000.0,6927330000000000.0,80084900,ncclDevKernel_AllGather_RING_LL(ncclDevKernelArgsStorage<4096ul>),_allgather_base,27267072.0,mesh_dp_shard,"[0, 4]",109068288
16,DP,6927327360345884.0,6927327440665629.0,80319745,ncclDevKernel_AllGather_RING_LL(ncclDevKernelArgsStorage<4096ul>),_allgather_base,27267072.0,mesh_dp_shard,"[0, 4]",109068288
16,DP,6927327440667965.0,6927327521492221.0,80824256,ncclDevKernel_AllGather_RING_LL(ncclDevKernelArgsStorage<4096ul>),_allgather_base,27267072.0,mesh_dp_shard,"[0, 4]",109068288
16,DP,6927327521525373.0,6927327603686933.0,82161560,ncclDevKernel_AllGather_RING_LL(ncclDevKernelArgsStorage<4096ul>),_allgather_base,27267072.0,mesh_dp_shard,"[0, 4]",109068288
16,DP,6927327603711093.0,6927327685637487.0,81926394,ncclDevKernel_AllGather_RING_LL(ncclDevKernelArgsStorage<4096ul>),_allgather_base,27267072.0,mesh_dp_shard,"[0, 4]",109068288
16,DP,6927327685650863.0,6927327771626131.0,85975268,ncclDevKernel_AllGather_RING_LL(ncclDevKernelArgsStorage<4096ul>),_allgather_base,27267072.0,mesh_dp_shard,"[0, 4]",109068288
16,DP,6927327771648947.0,6927327856071968.0,84423021,ncclDevKernel_AllGather_RING_LL(ncclDevKernelArgsStorage<4096ul>),_allgather_base,27267072.0,mesh_dp_shard,"[0, 4]",109068288
16,DP,6927327856083968.0,6927327940921035.0,84837067,ncclDevKernel_AllGather_RING_LL(ncclDevKernelArgsStorage<4096ul>),_allgather_base,27267072.0,mesh_dp_shard,"[0, 4]",109068288
16,DP,6927327940930347.0,6927330000000000.0,82675093,ncclDevKernel_AllGather_RING_LL(ncclDevKernelArgsStorage<4096ul>),_allgather_base,27267072.0,mesh_dp_shard,"[0, 4]",109068288
16,DP,6927328023607872.0,6927328108614282.0,85006410,ncclDevKernel_AllGather_RING_LL(ncclDevKernelArgsStorage<4096ul>),_allgather_base,27267072.0,mesh_dp_shard,"[0, 4]",109068288
16,DP,6927328108628554.0,6927328191587423.0,82958869,ncclDevKernel_AllGather_RING_LL(ncclDevKernelArgsStorage<4096ul>),_allgather_base,27267072.0,mesh_dp_shard,"[0, 4]",109068288
16,PP,6927328298924949.0,6927328308320261.0,9395312,ncclDevKernel_SendRecv(ncclDevKernelArgsStorage<4096ul>),,,,,33554432
16,PP,6927329046443496.0,6927330946639269.0,1900195773,ncclDevKernel_SendRecv(ncclDevKernelArgsStorage<4096ul>),,,,,33554432
16,PP,6927332161303764.0,6927335960635588.0,3799331824,ncclDevKernel_SendRecv(ncclDevKernelArgsStorage<4096ul>),,,,,33554432
16,DP,6927337185420985.0,6927340000000000.0,259234855,ncclDevKernel_ReduceScatter_Sum_f32_RING_LL(ncclDevKernelArgsStorage<4096ul>),_reduce_scatter_base,131334144.0,mesh_dp_shard,"[0, 4]",525336576
16,DP,6927337445007551.0,6927337553452112.0,108444561,ncclDevKernel_ReduceScatter_Sum_f32_RING_LL(ncclDevKernelArgsStorage<4096ul>),_reduce_scatter_base,54534144.0,mesh_dp_shard,"[0, 4]",218136576
16,DP,6927337553807854.0,6927337663719255.0,109911401,ncclDevKernel_ReduceScatter_Sum_f32_RING_LL(ncclDevKernelArgsStorage<4096ul>),_reduce_scatter_base,54534144.0,mesh_dp_shard,"[0, 4]",218136576
16,DP,6927337664083125.0,6927337773294403.0,109211278,ncclDevKernel_ReduceScatter_Sum_f32_RING_LL(ncclDevKernelArgsStorage<4096ul>),_reduce_scatter_base,54534144.0,mesh_dp_shard,"[0, 4]",218136576
16,DP,6927337773654017.0,6927337884565765.0,110911748,ncclDevKernel_ReduceScatter_Sum_f32_RING_LL(ncclDevKernelArgsStorage<4096ul>),_reduce_scatter_base,54534144.0,mesh_dp_shard,"[0, 4]",218136576
16,DP,6927337884929123.0,6927337993122102.0,108192979,ncclDevKernel_ReduceScatter_Sum_f32_RING_LL(ncclDevKernelArgsStorage<4096ul>),_reduce_scatter_base,54534144.0,mesh_dp_shard,"[0, 4]",218136576
16,DP,6927337993488147.0,6927340000000000.0,110154793,ncclDevKernel_ReduceScatter_Sum_f32_RING_LL(ncclDevKernelArgsStorage<4096ul>),_reduce_scatter_base,54534144.0,mesh_dp_shard,"[0, 4]",218136576
16,DP,6927338103993818.0,6927338215801146.0,111807328,ncclDevKernel_ReduceScatter_Sum_f32_RING_LL(ncclDevKernelArgsStorage<4096ul>),_reduce_scatter_base,54534144.0,mesh_dp_shard,"[0, 4]",218136576
16,DP,6927338216161784.0,6927338326153377.0,109991593,ncclDevKernel_ReduceScatter_Sum_f32_RING_LL(ncclDevKernelArgsStorage<4096ul>),_reduce_scatter_base,54534144.0,mesh_dp_shard,"[0, 4]",218136576
16,DP,6927338326504703.0,6927338436463401.0,109958698,ncclDevKernel_ReduceScatter_Sum_f32_RING_LL(ncclDevKernelArgsStorage<4096ul>),_reduce_scatter_base,54534144.0,mesh_dp_shard,"[0, 4]",218136576
16,DP,6927338436822407.0,6927338547888906.0,111066499,ncclDevKernel_ReduceScatter_Sum_f32_RING_LL(ncclDevKernelArgsStorage<4096ul>),_reduce_scatter_base,54534144.0,mesh_dp_shard,"[0, 4]",218136576
16,DP,6927340000000000.0,6927338659671082.0,111411682,ncclDevKernel_ReduceScatter_Sum_f32_RING_LL(ncclDevKernelArgsStorage<4096ul>),_reduce_scatter_base,54534144.0,mesh_dp_shard,"[0, 4]",218136576
16,DP,6927340000000000.0,6927338768267578.0,108239698,ncclDevKernel_ReduceScatter_Sum_f32_RING_LL(ncclDevKernelArgsStorage<4096ul>),_reduce_scatter_base,54534144.0,mesh_dp_shard,"[0, 4]",218136576
16,DP,6927338768618745.0,6927338877973893.0,109355148,ncclDevKernel_ReduceScatter_Sum_f32_RING_LL(ncclDevKernelArgsStorage<4096ul>),_reduce_scatter_base,54534144.0,mesh_dp_shard,"[0, 4]",218136576
16,DP,6927338878335459.0,6927338988705962.0,110370503,ncclDevKernel_ReduceScatter_Sum_f32_RING_LL(ncclDevKernelArgsStorage<4096ul>),_reduce_scatter_base,54534144.0,mesh_dp_shard,"[0, 4]",218136576
16,DP,6927338989062664.0,6927339098164822.0,109102158,ncclDevKernel_ReduceScatter_Sum_f32_RING_LL(ncclDevKernelArgsStorage<4096ul>),_reduce_scatter_base,54534144.0,mesh_dp_shard,"[0, 4]",218136576
16,DP,6927339098512468.0,6927339205407309.0,106894841,ncclDevKernel_ReduceScatter_Sum_f32_RING_LL(ncclDevKernelArgsStorage<4096ul>),_reduce_scatter_base,54534144.0,mesh_dp_shard,"[0, 4]",218136576
16,DP,6927339215833496.0,6927339216739859.0,906363,ncclDevKernel_AllReduce_Sum_f32_RING_LL(ncclDevKernelArgsStorage<4096ul>),allreduce,1.0,mesh_dp_shard,"[0, 4]",4
16,PP,6927339335008977.0,6927339335018385.0,9408,ncclDevKernel_AllReduce_Sum_f32_RING_LL(ncclDevKernelArgsStorage<4096ul>),allreduce,1.0,mesh_pp,"[0, 8]",4
17,DP,6927339350666625.0,6927339482775032.0,132108407,ncclDevKernel_AllGather_RING_LL(ncclDevKernelArgsStorage<4096ul>),_allgather_base,65667072.0,mesh_dp_shard,"[0, 4]",262668288
17,DP,6927339482776824.0,6927339542164518.0,59387694,ncclDevKernel_AllGather_RING_LL(ncclDevKernelArgsStorage<4096ul>),_allgather_base,27267072.0,mesh_dp_shard,"[0, 4]",109068288
17,DP,6927339542166694.0,6927339601530387.0,59363693,ncclDevKernel_AllGather_RING_LL(ncclDevKernelArgsStorage<4096ul>),_allgather_base,27267072.0,mesh_dp_shard,"[0, 4]",109068288
17,DP,6927339601541171.0,6927339686827004.0,85285833,ncclDevKernel_AllGather_RING_LL(ncclDevKernelArgsStorage<4096ul>),_allgather_base,27267072.0,mesh_dp_shard,"[0, 4]",109068288
17,DP,6927339686830396.0,6927339770696652.0,83866256,ncclDevKernel_AllGather_RING_LL(ncclDevKernelArgsStorage<4096ul>),_allgather_base,27267072.0,mesh_dp_shard,"[0, 4]",109068288
17,DP,6927340000000000.0,6927340000000000.0,82707830,ncclDevKernel_AllGather_RING_LL(ncclDevKernelArgsStorage<4096ul>),_allgather_base,27267072.0,mesh_dp_shard,"[0, 4]",109068288
17,DP,6927339853411842.0,6927339935418619.0,82006777,ncclDevKernel_AllGather_RING_LL(ncclDevKernelArgsStorage<4096ul>),_allgather_base,27267072.0,mesh_dp_shard,"[0, 4]",109068288
17,DP,6927339935447034.0,6927340018525967.0,83078933,ncclDevKernel_AllGather_RING_LL(ncclDevKernelArgsStorage<4096ul>),_allgather_base,27267072.0,mesh_dp_shard,"[0, 4]",109068288
17,DP,6927340000000000.0,6927340099111279.0,80569729,ncclDevKernel_AllGather_RING_LL(ncclDevKernelArgsStorage<4096ul>),_allgather_base,27267072.0,mesh_dp_shard,"[0, 4]",109068288
17,DP,6927340099122607.0,6927340179912175.0,80789568,ncclDevKernel_AllGather_RING_LL(ncclDevKernelArgsStorage<4096ul>),_allgather_base,27267072.0,mesh_dp_shard,"[0, 4]",109068288
17,DP,6927340179917295.0,6927340259829843.0,79912548,ncclDevKernel_AllGather_RING_LL(ncclDevKernelArgsStorage<4096ul>),_allgather_base,27267072.0,mesh_dp_shard,"[0, 4]",109068288
17,DP,6927340259849779.0,6927340340376787.0,80527008,ncclDevKernel_AllGather_RING_LL(ncclDevKernelArgsStorage<4096ul>),_allgather_base,27267072.0,mesh_dp_shard,"[0, 4]",109068288
17,DP,6927340340404603.0,6927340421562361.0,81157758,ncclDevKernel_AllGather_RING_LL(ncclDevKernelArgsStorage<4096ul>),_allgather_base,27267072.0,mesh_dp_shard,"[0, 4]",109068288
17,DP,6927340421565593.0,6927340501258271.0,79692678,ncclDevKernel_AllGather_RING_LL(ncclDevKernelArgsStorage<4096ul>),_allgather_base,27267072.0,mesh_dp_shard,"[0, 4]",109068288
17,DP,6927340501260799.0,6927340582378365.0,81117566,ncclDevKernel_AllGather_RING_LL(ncclDevKernelArgsStorage<4096ul>),_allgather_base,27267072.0,mesh_dp_shard,"[0, 4]",109068288
17,DP,6927340582380637.0,6927340663599387.0,81218750,ncclDevKernel_AllGather_RING_LL(ncclDevKernelArgsStorage<4096ul>),_allgather_base,27267072.0,mesh_dp_shard,"[0, 4]",109068288
17,DP,6927340663604059.0,6927340742208198.0,78604139,ncclDevKernel_AllGather_RING_LL(ncclDevKernelArgsStorage<4096ul>),_allgather_base,27267072.0,mesh_dp_shard,"[0, 4]",109068288
17,PP,6927340886501952.0,6927340896322509.0,9820557,ncclDevKernel_SendRecv(ncclDevKernelArgsStorage<4096ul>),,,,,33554432
17,PP,6927341630803337.0,6927340000000000.0,1889796673,ncclDevKernel_SendRecv(ncclDevKernelArgsStorage<4096ul>),,,,,33554432
17,PP,6927344734392901.0,6927348541361156.0,3806968255,ncclDevKernel_SendRecv(ncclDevKernelArgsStorage<4096ul>),,,,,33554432
17,DP,6927349763419128.0,6927350026637439.0,263218311,ncclDevKernel_ReduceScatter_Sum_f32_RING_LL(ncclDevKernelArgsStorage<4096ul>),_reduce_scatter_base,131334144.0,mesh_dp_shard,"[0, 4]",525336576
17,DP,6927350026993855.0,6927350135560874.0,108567019,ncclDevKernel_ReduceScatter_Sum_f32_RING_LL(ncclDevKernelArgsStorage<4096ul>),_reduce_scatter_base,54534144.0,mesh_dp_shard,"[0, 4]",218136576
17,DP,6927350135917705.0,6927350245715822.0,109798117,ncclDevKernel_ReduceScatter_Sum_f32_RING_LL(ncclDevKernelArgsStorage<4096ul>),_reduce_scatter_base,54534144.0,mesh_dp_shard,"[0, 4]",218136576
17,DP,6927350000000000.0,6927350000000000.0,110219300,ncclDevKernel_ReduceScatter_Sum_f32_RING_LL(ncclDevKernelArgsStorage<4096ul>),_reduce_scatter_base,54534144.0,mesh_dp_shard,"[0, 4]",218136576
17,DP,6927350356646542.0,6927350466612691.0,109966149,ncclDevKernel_ReduceScatter_Sum_f32_RING_LL(ncclDevKernelArgsStorage<4096ul>),_reduce_scatter_base,54534144.0,mesh_dp_shard,"[0, 4]",218136576
17,DP,6927350466971665.0,6927350576898934.0,109927269,ncclDevKernel_ReduceScatter_Sum_f32_RING_LL(ncclDevKernelArgsStorage<4096ul>),_reduce_scatter_base,54534144.0,mesh_dp_shard,"[0, 4]",218136576
17,DP,6927350000000000.0,6927350687079258.0,109812518,ncclDevKernel_ReduceScatter_Sum_f32_RING_LL(ncclDevKernelArgsStorage<4096ul>),_reduce_scatter_base,54534144.0,mesh_dp_shard,"[0, 4]",218136576
17,DP,6927350687436536.0,6927350800742667.0,113306131,ncclDevKernel_ReduceScatter_Sum_f32_RING_LL(ncclDevKernelArgsStorage<4096ul>),_reduce_scatter_base,54534144.0,mesh_dp_shard,"[0, 4]",218136576
17,DP,6927350801095305.0,6927350909998995.0,108903690,ncclDevKernel_ReduceScatter_Sum_f32_RING_LL(ncclDevKernelArgsStorage<4096ul>),_reduce_scatter_base,54534144.0,mesh_dp_shard,"[0, 4]",218136576
17,DP,6927350910362002.0,6927351021077491.0,110715489,ncclDevKernel_ReduceScatter_Sum_f32_RING_LL(ncclDevKernelArgsStorage<4096ul>),_reduce_scatter_base,54534144.0,mesh_dp_shard,"[0, 4]",218136576
17,DP,6927351021433201.0,6927351130069053.0,108635852,ncclDevKernel_ReduceScatter_Sum_f32_RING_LL(ncclDevKernelArgsStorage<4096ul>),_reduce_scatter_base,54534144.0,mesh_dp_shard,"[0, 4]",218136576
17,DP,6927351130428891.0,6927350000000000.0,106468919,ncclDevKernel_ReduceScatter_Sum_f32_RING_LL(ncclDevKernelArgsStorage<4096ul>),_reduce_scatter_base,54534144.0,mesh_dp_shard,"[0, 4]",218136576
17,DP,6927351237261744.0,6927351345858044.0,108596300,ncclDevKernel_ReduceScatter_Sum_f32_RING_LL(ncclDevKernelArgsStorage<4096ul>),_reduce_scatter_base,54534144.0,mesh_dp_shard,"[0, 4]",218136576
17,DP,6927351346215066.0,6927351451486263.0,105271197,ncclDevKernel_ReduceScatter_Sum_f32_RING_LL(ncclDevKernelArgsStorage<4096ul>),_reduce_scatter_base,54534144.0,mesh_dp_shard,"[0, 4]",218136576
17,DP,6927351451844053.0,6927351563141619.0,111297566,ncclDevKernel_ReduceScatter_Sum_f32_RING_LL(ncclDevKernelArgsStorage<4096ul>),_reduce_scatter_base,54534144.0,mesh_dp_shard,"[0, 4]",218136576
17,DP,6927351563491729.0,6927351671573248.0,108081519,ncclDevKernel_ReduceScatter_Sum_f32_RING_LL(ncclDevKernelArgsStorage<4096ul>),_reduce_scatter_base,54534144.0,mesh_dp_shard,"[0, 4]",218136576
17,DP,6927351671926526.0,6927350000000000.0,106622934,ncclDevKernel_ReduceScatter_Sum_f32_RING_LL(ncclDevKernelArgsStorage<4096ul>),_reduce_scatter_base,54534144.0,mesh_dp_shard,"[0, 4]",218136576
17,DP,6927351790695509.0,6927351790714645.0,19136,ncclDevKernel_AllReduce_Sum_f32_RING_LL(ncclDevKernelArgsStorage<4096ul>),allreduce,1.0,mesh_dp_shard,"[0, 4]",4
17,PP,6927351839295385.0,6927350000000000.0,9375,ncclDevKernel_AllReduce_Sum_f32_RING_LL(ncclDevKernelArgsStorage<4096ul>),allreduce,1.0,mesh_pp,"[0, 8]",4
18,DP,6927351854891496.0,6927351986740667.0,131849171,ncclDevKernel_AllGather_RING_LL(ncclDevKernelArgsStorage<4096ul>),_allgather_base,65667072.0,mesh_dp_shard,"[0, 4]",262668288
18,DP,6927351986743323.0,6927352047426592.0,60683269,ncclDevKernel_AllGather_RING_LL(ncclDevKernelArgsStorage<4096ul>),_allgather_base,27267072.0,mesh_dp_shard,"[0, 4]",109068288
18,DP,6927352047428063.0,6927352107541063.0,60113000,ncclDevKernel_AllGather_RING_LL(ncclDevKernelArgsStorage<4096ul>),_allgather_base,27267072.0,mesh_dp_shard,"[0, 4]",109068288
18,DP,6927352107544583.0,6927352192332751.0,84788168,ncclDevKernel_AllGather_RING_LL(ncclDevKernelArgsStorage<4096ul>),_allgather_base,27267072.0,mesh_dp_shard,"[0, 4]",109068288
18,DP,6927352192343119.0,6927352277818579.0,85475460,ncclDevKernel_AllGather_RING_LL(ncclDevKernelArgsStorage<4096ul>),_allgather_base,27267072.0,mesh_dp_shard,"[0, 4]",109068288
18,DP,6927352277821427.0,6927352362348188.0,84526761,ncclDevKernel_AllGather_RING_LL(ncclDevKernelArgsStorage<4096ul>),_allgather_base,27267072.0,mesh_dp_shard,"[0, 4]",109068288
18,DP,6927352362368412.0,6927352444519249.0,82150837,ncclDevKernel_AllGather_RING_LL(ncclDevKernelArgsStorage<4096ul>),_allgather_base,27267072.0,mesh_dp_shard,"[0, 4]",109068288
18,DP,6927352444524401.0,6927352528301661.0,83777260,ncclDevKernel_AllGather_RING_LL(ncclDevKernelArgsStorage<4096ul>),_allgather_base,27267072.0,mesh_dp_shard,"[0, 4]",109068288
18,DP,6927352528358493.0,6927350000000000.0,85263557,ncclDevKernel_AllGather_RING_LL(ncclDevKernelArgsStorage<4096ul>),_allgather_base,27267072.0,mesh_dp_shard,"[0, 4]",109068288
18,DP,6927352613630178.0,6927350000000000.0,79466692,ncclDevKernel_AllGather_RING_LL(ncclDevKernelArgsStorage<4096ul>),_allgather_base,27267072.0,mesh_dp_shard,"[0, 4]",109068288
18,DP,6927352693100422.0,6927352774972828.0,81872406,ncclDevKernel_AllGather_RING_LL(ncclDevKernelArgsStorage<4096ul>),_allgather_base,27267072.0,mesh_dp_shard,"[0, 4]",109068288
18,DP,6927350000000000.0,6927352858430955.0,83452495,ncclDevKernel_AllGather_RING_LL(ncclDevKernelArgsStorage<4096ul>),_allgather_base,27267072.0,mesh_dp_shard,"[0, 4]",109068288
18,DP,6927350000000000.0,6927352939805028.0,81371578,ncclDevKernel_AllGather_RING_LL(ncclDevKernelArgsStorage<4096ul>),_allgather_base,27267072.0,mesh_dp_shard,"[0, 4]",109068288
18,DP,6927352939824388.0,6927353021334173.0,81509785,ncclDevKernel_AllGather_RING_LL(ncclDevKernelArgsStorage<4096ul>),_allgather_base,27267072.0,mesh_dp_shard,"[0, 4]",109068288
18,DP,6927353021337181.0,6927353107370653.0,86033472,ncclDevKernel_AllGather_RING_LL(ncclDevKernelArgsStorage<4096ul>),_allgather_base,27267072.0,mesh_dp_shard,"[0, 4]",109068288
18,DP,6927353107375805.0,6927353189501107.0,82125302,ncclDevKernel_AllGather_RING_LL(ncclDevKernelArgsStorage<4096ul>),_allgather_base,27267072.0,mesh_dp_shard,"[0, 4]",109068288
18,DP,6927353189505011.0,6927353269259029.0,79754018,ncclDevKernel_AllGather_RING_LL(ncclDevKernelArgsStorage<4096ul>),_allgather_base,27267072.0,mesh_dp_shard,"[0, 4]",109068288
18,PP,6927353368360594.0,6927350000000000.0,9617006,ncclDevKernel_SendRecv(ncclDevKernelArgsStorage<4096ul>),,,,,33554432
18,PP,6927350000000000.0,6927356012844318.0,1899714278,ncclDevKernel_SendRecv(ncclDevKernelArgsStorage<4096ul>),,,,,33554432
18,PP,6927357228429273.0,6927360589427463.0,3360998190,ncclDevKernel_SendRecv(ncclDevKernelArgsStorage<4096ul>),,,,,33554432
18,DP,6927361995107715.0,6927362267283499.0,272175784,ncclDevKernel_ReduceScatter_Sum_f32_RING_LL(ncclDevKernelArgsStorage<4096ul>),_reduce_scatter_base,131334144.0,mesh_dp_shard,"[0, 4]",525336576
18,DP,6927362267642121.0,6927362378909933.0,111267812,ncclDevKernel_ReduceScatter_Sum_f32_RING_LL(ncclDevKernelArgsStorage<4096ul>),_reduce_scatter_base,54534144.0,mesh_dp_shard,"[0, 4]",218136576
18,DP,6927362379268459.0,6927362491051564.0,111783105,ncclDevKernel_ReduceScatter_Sum_f32_RING_LL(ncclDevKernelArgsStorage<4096ul>),_reduce_scatter_base,54534144.0,mesh_dp_shard,"[0, 4]",218136576
18,DP,6927362491408138.0,6927362603028076.0,111619938,ncclDevKernel_ReduceScatter_Sum_f32_RING_LL(ncclDevKernelArgsStorage<4096ul>),_reduce_scatter_base,54534144.0,mesh_dp_shard,"[0, 4]",218136576
18,DP,6927362603393739.0,6927362713869874.0,110476135,ncclDevKernel_ReduceScatter_Sum_f32_RING_LL(ncclDevKernelArgsStorage<4096ul>),_reduce_scatter_base,54534144.0,mesh_dp_shard,"[0, 4]",218136576
18,DP,6927362714226705.0,6927362825405429.0,111178724,ncclDevKernel_ReduceScatter_Sum_f32_RING_LL(ncclDevKernelArgsStorage<4096ul>),_reduce_scatter_base,54534144.0,mesh_dp_shard,"[0, 4]",218136576
18,DP,6927362825772307.0,6927362935383359.0,109611052,ncclDevKernel_ReduceScatter_Sum_f32_RING_LL(ncclDevKernelArgsStorage<4096ul>),_reduce_scatter_base,54534144.0,mesh_dp_shard,"[0, 4]",218136576
18,DP,6927362935735965.0,6927363046598051.0,110862086,ncclDevKernel_ReduceScatter_Sum_f32_RING_LL(ncclDevKernelArgsStorage<4096ul>),_reduce_scatter_base,54534144.0,mesh_dp_shard,"[0, 4]",218136576
18,DP,6927363046965441.0,6927360000000000.0,110046059,ncclDevKernel_ReduceScatter_Sum_f32_RING_LL(ncclDevKernelArgsStorage<4096ul>),_reduce_scatter_base,54534144.0,mesh_dp_shard,"[0, 4]",218136576
18,DP,6927363157367146.0,6927363268609805.0,111242659,ncclDevKernel_ReduceScatter_Sum_f32_RING_LL(ncclDevKernelArgsStorage<4096ul>),_reduce_scatter_base,54534144.0,mesh_dp_shard,"[0, 4]",218136576
18,DP,6927360000000000.0,6927363378362138.0,109393678,ncclDevKernel_ReduceScatter_Sum_f32_RING_LL(ncclDevKernelArgsStorage<4096ul>),_reduce_scatter_base,54534144.0,mesh_dp_shard,"[0, 4]",218136576
18,DP,6927363378721048.0,6927360000000000.0,111246852,ncclDevKernel_ReduceScatter_Sum_f32_RING_LL(ncclDevKernelArgsStorage<4096ul>),_reduce_scatter_base,54534144.0,mesh_dp_shard,"[0, 4]",218136576
18,DP,6927363490325306.0,6927363601065441.0,110740135,ncclDevKernel_ReduceScatter_Sum_f32_RING_LL(ncclDevKernelArgsStorage<4096ul>),_reduce_scatter_base,54534144.0,mesh_dp_shard,"[0, 4]",218136576
18,DP,6927363601421952.0,6927363712837635.0,111415683,ncclDevKernel_ReduceScatter_Sum_f32_RING_LL(ncclDevKernelArgsStorage<4096ul>),_reduce_scatter_base,54534144.0,mesh_dp_shard,"[0, 4]",218136576
18,DP,6927363713197473.0,6927363822233553.0,109036080,ncclDevKernel_ReduceScatter_Sum_f32_RING_LL(ncclDevKernelArgsStorage<4096ul>),_reduce_scatter_base,54534144.0,mesh_dp_shard,"[0, 4]",218136576
18,DP,6927363822597615.0,6927363930571012.0,107973397,ncclDevKernel_ReduceScatter_Sum_f32_RING_LL(ncclDevKernelArgsStorage<4096ul>),_reduce_scatter_base,54534144.0,mesh_dp_shard,"[0, 4]",218136576
18,DP,6927363930923971.0,6927364034795853.0,103871882,ncclDevKernel_ReduceScatter_Sum_f32_RING_LL(ncclDevKernelArgsStorage<4096ul>),_reduce_scatter_base,54534144.0,mesh_dp_shard,"[0, 4]",218136576
18,DP,6927360000000000.0,6927364045717429.0,193439,ncclDevKernel_AllReduce_Sum_f32_RING_LL(ncclDevKernelArgsStorage<4096ul>),allreduce,1.0,mesh_dp_shard,"[0, 4]",4
18,PP,6927364070408886.0,6927364070418294.0,9408,ncclDevKernel_AllReduce_Sum_f32_RING_LL(ncclDevKernelArgsStorage<4096ul>),allreduce,1.0,mesh_pp,"[0, 8]",4
19,DP,6927364085967398.0,6927364226448661.0,140481263,ncclDevKernel_AllGather_RING_LL(ncclDevKernelArgsStorage<4096ul>),_allgather_base,65667072.0,mesh_dp_shard,"[0, 4]",262668288
19,DP,6927364226451765.0,6927364289188498.0,62736733,ncclDevKernel_AllGather_RING_LL(ncclDevKernelArgsStorage<4096ul>),_allgather_base,27267072.0,mesh_dp_shard,"[0, 4]",109068288
19,DP,6927364289191378.0,6927364360188133.0,70996755,ncclDevKernel_AllGather_RING_LL(ncclDevKernelArgsStorage<4096ul>),_allgather_base,27267072.0,mesh_dp_shard,"[0, 4]",109068288
19,DP,6927364360239685.0,6927364448387616.0,88147931,ncclDevKernel_AllGather_RING_LL(ncclDevKernelArgsStorage<4096ul>),_allgather_base,27267072.0,mesh_dp_shard,"[0, 4]",109068288
19,DP,6927364448390656.0,6927364533928265.0,85537609,ncclDevKernel_AllGather_RING_LL(ncclDevKernelArgsStorage<4096ul>),_allgather_base,27267072.0,mesh_dp_shard,"[0, 4]",109068288
19,DP,6927364533929801.0,6927360000000000.0,83369299,ncclDevKernel_AllGather_RING_LL(ncclDevKernelArgsStorage<4096ul>),_allgather_base,27267072.0,mesh_dp_shard,"[0, 4]",109068288
19,DP,6927364617303677.0,6927364700697424.0,83393747,ncclDevKernel_AllGather_RING_LL(ncclDevKernelArgsStorage<4096ul>),_allgather_base,27267072.0,mesh_dp_shard,"[0, 4]",109068288
19,DP,6927360000000000.0,6927364783823173.0,83121173,ncclDevKernel_AllGather_RING_LL(ncclDevKernelArgsStorage<4096ul>),_allgather_base,27267072.0,mesh_dp_shard,"[0, 4]",109068288
19,DP,6927364783827429.0,6927364866205598.0,82378169,ncclDevKernel_AllGather_RING_LL(ncclDevKernelArgsStorage<4096ul>),_allgather_base,27267072.0,mesh_dp_shard,"[0, 4]",109068288
19,DP,6927364866210302.0,6927364947852826.0,81642524,ncclDevKernel_AllGather_RING_LL(ncclDevKernelArgsStorage<4096ul>),_allgather_base,27267072.0,mesh_dp_shard,"[0, 4]",109068288
19,DP,6927360000000000.0,6927365029822837.0,81967227,ncclDevKernel_AllGather_RING_LL(ncclDevKernelArgsStorage<4096ul>),_allgather_base,27267072.0,mesh_dp_shard,"[0, 4]",109068288
19,DP,6927365029825141.0,6927365113598439.0,83773298,ncclDevKernel_AllGather_RING_LL(ncclDevKernelArgsStorage<4096ul>),_allgather_base,27267072.0,mesh_dp_shard,"[0, 4]",109068288
19,DP,6927365113601383.0,6927365194965509.0,81364126,ncclDevKernel_AllGather_RING_LL(ncclDevKernelArgsStorage<4096ul>),_allgather_base,27267072.0,mesh_dp_shard,"[0, 4]",109068288
19,DP,6927365194967973.0,6927370000000000.0,84351087,ncclDevKernel_AllGather_RING_LL(ncclDevKernelArgsStorage<4096ul>),_allgather_base,27267072.0,mesh_dp_shard,"[0, 4]",109068288
19,DP,6927365279324083.0,6927365361322638.0,81998555,ncclDevKernel_AllGather_RING_LL(ncclDevKernelArgsStorage<4096ul>),_allgather_base,27267072.0,mesh_dp_shard,"[0, 4]",109068288
19,DP,6927365361327214.0,6927365442977291.0,81650077,ncclDevKernel_AllGather_RING_LL(ncclDevKernelArgsStorage<4096ul>),_allgather_base,27267072.0,mesh_dp_shard,"[0, 4]",109068288
19,DP,6927365442981835.0,6927365522241907.0,79260072,ncclDevKernel_AllGather_RING_LL(ncclDevKernelArgsStorage<4096ul>),_allgather_base,27267072.0,mesh_dp_shard,"[0, 4]",109068288
19,PP,6927365567968328.0,6927365577906581.0,9938253,ncclDevKernel_SendRecv(ncclDevKernelArgsStorage<4096ul>),,,,,33554432
19,PP,6927366314894347.0,6927368230506137.0,1915611790,ncclDevKernel_SendRecv(ncclDevKernelArgsStorage<4096ul>),,,,,33554432
19,PP,6927369446597114.0,6927372953804769.0,3507207655,ncclDevKernel_SendRecv(ncclDevKernelArgsStorage<4096ul>),,,,,33554432
19,DP,6927374180146054.0,6927370000000000.0,264299506,ncclDevKernel_ReduceScatter_Sum_f32_RING_LL(ncclDevKernelArgsStorage<4096ul>),_reduce_scatter_base,131334144.0,mesh_dp_shard,"[0, 4]",525336576
19,DP,6927374444817879.0,6927374555232031.0,110414152,ncclDevKernel_ReduceScatter_Sum_f32_RING_LL(ncclDevKernelArgsStorage<4096ul>),_reduce_scatter_base,54534144.0,mesh_dp_shard,"[0, 4]",218136576
19,DP,6927374555602877.0,6927374667034689.0,111431812,ncclDevKernel_ReduceScatter_Sum_f32_RING_LL(ncclDevKernelArgsStorage<4096ul>),_reduce_scatter_base,54534144.0,mesh_dp_shard,"[0, 4]",218136576
19,DP,6927374667400511.0,6927374776885357.0,109484846,ncclDevKernel_ReduceScatter_Sum_f32_RING_LL(ncclDevKernelArgsStorage<4096ul>),_reduce_scatter_base,54534144.0,mesh_dp_shard,"[0, 4]",218136576
19,DP,6927374777244299.0,6927374886573882.0,109329583,ncclDevKernel_ReduceScatter_Sum_f32_RING_LL(ncclDevKernelArgsStorage<4096ul>),_reduce_scatter_base,54534144.0,mesh_dp_shard,"[0, 4]",218136576
19,DP,6927374886925176.0,6927374997780926.0,110855750,ncclDevKernel_ReduceScatter_Sum_f32_RING_LL(ncclDevKernelArgsStorage<4096ul>),_reduce_scatter_base,54534144.0,mesh_dp_shard,"[0, 4]",218136576
19,DP,6927374998134236.0,6927375108161095.0,110026859,ncclDevKernel_ReduceScatter_Sum_f32_RING_LL(ncclDevKernelArgsStorage<4096ul>),_reduce_scatter_base,54534144.0,mesh_dp_shard,"[0, 4]",218136576
19,DP,6927375108514341.0,6927375219740842.0,111226501,ncclDevKernel_ReduceScatter_Sum_f32_RING_LL(ncclDevKernelArgsStorage<4096ul>),_reduce_scatter_base,54534144.0,mesh_dp_shard,"[0, 4]",218136576
19,DP,6927375220102696.0,6927375330497233.0,110394537,ncclDevKernel_ReduceScatter_Sum_f32_RING_LL(ncclDevKernelArgsStorage<4096ul>),_reduce_scatter_base,54534144.0,mesh_dp_shard,"[0, 4]",218136576
19,DP,6927375330847888.0,6927375441559863.0,110711975,ncclDevKernel_ReduceScatter_Sum_f32_RING_LL(ncclDevKernelArgsStorage<4096ul>),_reduce_scatter_base,54534144.0,mesh_dp_shard,"[0, 4]",218136576
19,DP,6927375441908021.0,6927375553667703.0,111759682,ncclDevKernel_ReduceScatter_Sum_f32_RING_LL(ncclDevKernelArgsStorage<4096ul>),_reduce_scatter_base,54534144.0,mesh_dp_shard,"[0, 4]",218136576
19,DP,6927375554031445.0,6927375664382526.0,110351081,ncclDevKernel_ReduceScatter_Sum_f32_RING_LL(ncclDevKernelArgsStorage<4096ul>),_reduce_scatter_base,54534144.0,mesh_dp_shard,"[0, 4]",218136576
19,DP,6927380000000000.0,6927375777284378.0,112547518,ncclDevKernel_ReduceScatter_Sum_f32_RING_LL(ncclDevKernelArgsStorage<4096ul>),_reduce_scatter_base,54534144.0,mesh_dp_shard,"[0, 4]",218136576
19,DP,6927380000000000.0,6927375888857405.0,111217445,ncclDevKernel_ReduceScatter_Sum_f32_RING_LL(ncclDevKernelArgsStorage<4096ul>),_reduce_scatter_base,54534144.0,mesh_dp_shard,"[0, 4]",218136576
19,DP,6927375889208316.0,6927376000539712.0,111331396,ncclDevKernel_ReduceScatter_Sum_f32_RING_LL(ncclDevKernelArgsStorage<4096ul>),_reduce_scatter_base,54534144.0,mesh_dp_shard,"[0, 4]",218136576
19,DP,6927376000894206.0,6927376111367814.0,110473608,ncclDevKernel_ReduceScatter_Sum_f32_RING_LL(ncclDevKernelArgsStorage<4096ul>),_reduce_scatter_base,54534144.0,mesh_dp_shard,"[0, 4]",218136576
19,DP,6927376111719013.0,6927376222936202.0,111217189,ncclDevKernel_ReduceScatter_Sum_f32_RING_LL(ncclDevKernelArgsStorage<4096ul>),_reduce_scatter_base,54534144.0,mesh_dp_shard,"[0, 4]",218136576
19,DP,6927376233178389.0,6927376233208629.0,30240,ncclDevKernel_AllReduce_Sum_f32_RING_LL(ncclDevKernelArgsStorage<4096ul>),allreduce,1.0,mesh_dp_shard,"[0, 4]",4
19,PP,6927376234003377.0,6927376234032208.0,28831,ncclDevKernel_AllReduce_Sum_f32_RING_LL(ncclDevKernelArgsStorage<4096ul>),allreduce,1.0,mesh_pp,"[0, 8]",4
19,DP,6927376249202978.0,6927376249218626.0,15648,ncclDevKernel_AllReduce_Sum_f32_RING_LL(ncclDevKernelArgsStorage<4096ul>),allreduce,1.0,mesh_dp_shard,"[0, 4]",4
19,DP,6927380000000000.0,6927376250087262.0,31552,ncclDevKernel_AllReduce_Sum_f32_RING_LL(ncclDevKernelArgsStorage<4096ul>),allreduce,1.0,mesh_dp_shard,"[0, 4]",4
