iteration	parallelism_type	start_ts	end_ts	duration_ns	kernel_name	collective_name	in_msg_nelems	group_desc	group_ranks	dtype
10	DP	6927252784224822	6927252949408058	165183236	ncclDevKernel_AllGather_RING_LL(ncclDevKernelArgsStorage<4096ul>)	_allgather_base	65667072	mesh_dp_shard	[1, 5]	BFloat16
10	DP	6927252949411066	6927253010247914	60836848	ncclDevKernel_AllGather_RING_LL(ncclDevKernelArgsStorage<4096ul>)	_allgather_base	27267072	mesh_dp_shard	[1, 5]	BFloat16
10	DP	6927253010250506	6927253089144197	78893691	ncclDevKernel_AllGather_RING_LL(ncclDevKernelArgsStorage<4096ul>)	_allgather_base	27267072	mesh_dp_shard	[1, 5]	BFloat16
10	DP	6927253089146052	6927253173422908	84276856	ncclDevKernel_AllGather_RING_LL(ncclDevKernelArgsStorage<4096ul>)	_allgather_base	27267072	mesh_dp_shard	[1, 5]	BFloat16
10	DP	6927253173426171	6927253256211324	82785153	ncclDevKernel_AllGather_RING_LL(ncclDevKernelArgsStorage<4096ul>)	_allgather_base	27267072	mesh_dp_shard	[1, 5]	BFloat16
10	DP	6927253256214044	6927253336579949	80365905	ncclDevKernel_AllGather_RING_LL(ncclDevKernelArgsStorage<4096ul>)	_allgather_base	27267072	mesh_dp_shard	[1, 5]	BFloat16
10	DP	6927253336582989	6927253416407745	79824756	ncclDevKernel_AllGather_RING_LL(ncclDevKernelArgsStorage<4096ul>)	_allgather_base	27267072	mesh_dp_shard	[1, 5]	BFloat16
10	DP	6927253416412737	6927253497149423	80736686	ncclDevKernel_AllGather_RING_LL(ncclDevKernelArgsStorage<4096ul>)	_allgather_base	27267072	mesh_dp_shard	[1, 5]	BFloat16
10	DP	6927253497154319	6927253576922595	79768276	ncclDevKernel_AllGather_RING_LL(ncclDevKernelArgsStorage<4096ul>)	_allgather_base	27267072	mesh_dp_shard	[1, 5]	BFloat16
10	DP	6927253576927395	6927253656769591	79842196	ncclDevKernel_AllGather_RING_LL(ncclDevKernelArgsStorage<4096ul>)	_allgather_base	27267072	mesh_dp_shard	[1, 5]	BFloat16
10	DP	6927253656773815	6927253738388352	81614537	ncclDevKernel_AllGather_RING_LL(ncclDevKernelArgsStorage<4096ul>)	_allgather_base	27267072	mesh_dp_shard	[1, 5]	BFloat16
10	DP	6927253738392544	6927253818462610	80070066	ncclDevKernel_AllGather_RING_LL(ncclDevKernelArgsStorage<4096ul>)	_allgather_base	27267072	mesh_dp_shard	[1, 5]	BFloat16
10	DP	6927253818466002	6927253899103841	80637839	ncclDevKernel_AllGather_RING_LL(ncclDevKernelArgsStorage<4096ul>)	_allgather_base	27267072	mesh_dp_shard	[1, 5]	BFloat16
10	DP	6927253899105473	6927253980680586	81575113	ncclDevKernel_AllGather_RING_LL(ncclDevKernelArgsStorage<4096ul>)	_allgather_base	27267072	mesh_dp_shard	[1, 5]	BFloat16
10	DP	6927253980682346	6927254060910939	80228593	ncclDevKernel_AllGather_RING_LL(ncclDevKernelArgsStorage<4096ul>)	_allgather_base	27267072	mesh_dp_shard	[1, 5]	BFloat16
10	DP	6927254060916411	6927254140503953	79587542	ncclDevKernel_AllGather_RING_LL(ncclDevKernelArgsStorage<4096ul>)	_allgather_base	27267072	mesh_dp_shard	[1, 5]	BFloat16
10	DP	6927254140507697	6927254219315115	78807418	ncclDevKernel_AllGather_RING_LL(ncclDevKernelArgsStorage<4096ul>)	_allgather_base	27267072	mesh_dp_shard	[1, 5]	BFloat16
10	PP	6927254265109919	6927254275649178	10539259	ncclDevKernel_SendRecv(ncclDevKernelArgsStorage<4096ul>)	NULL	NULL	NULL	NULL	NULL
10	PP	6927255014842759	6927256882247111	1867404352	ncclDevKernel_SendRecv(ncclDevKernelArgsStorage<4096ul>)	NULL	NULL	NULL	NULL	NULL
10	PP	6927258100271483	6927261622436356	3522164873	ncclDevKernel_SendRecv(ncclDevKernelArgsStorage<4096ul>)	NULL	NULL	NULL	NULL	NULL
10	DP	6927262848214927	6927263117369830	269154903	ncclDevKernel_ReduceScatter_Sum_f32_RING_LL(ncclDevKernelArgsStorage<4096ul>)	_reduce_scatter_base	131334144	mesh_dp_shard	[1, 5]	Float
10	DP	6927263117727812	6927263228932425	111204613	ncclDevKernel_ReduceScatter_Sum_f32_RING_LL(ncclDevKernelArgsStorage<4096ul>)	_reduce_scatter_base	54534144	mesh_dp_shard	[1, 5]	Float
10	DP	6927263229282439	6927263342590367	113307928	ncclDevKernel_ReduceScatter_Sum_f32_RING_LL(ncclDevKernelArgsStorage<4096ul>)	_reduce_scatter_base	54534144	mesh_dp_shard	[1, 5]	Float
10	DP	6927263342939133	6927263457061135	114122002	ncclDevKernel_ReduceScatter_Sum_f32_RING_LL(ncclDevKernelArgsStorage<4096ul>)	_reduce_scatter_base	54534144	mesh_dp_shard	[1, 5]	Float
10	DP	6927263457423148	6927263567865719	110442571	ncclDevKernel_ReduceScatter_Sum_f32_RING_LL(ncclDevKernelArgsStorage<4096ul>)	_reduce_scatter_base	54534144	mesh_dp_shard	[1, 5]	Float
10	DP	6927263568222964	6927263681502636	113279672	ncclDevKernel_ReduceScatter_Sum_f32_RING_LL(ncclDevKernelArgsStorage<4096ul>)	_reduce_scatter_base	54534144	mesh_dp_shard	[1, 5]	Float
10	DP	6927263681855146	6927263794795812	112940666	ncclDevKernel_ReduceScatter_Sum_f32_RING_LL(ncclDevKernelArgsStorage<4096ul>)	_reduce_scatter_base	54534144	mesh_dp_shard	[1, 5]	Float
10	DP	6927263795161697	6927263909136373	113974676	ncclDevKernel_ReduceScatter_Sum_f32_RING_LL(ncclDevKernelArgsStorage<4096ul>)	_reduce_scatter_base	54534144	mesh_dp_shard	[1, 5]	Float
10	DP	6927263909508370	6927264022024975	112516605	ncclDevKernel_ReduceScatter_Sum_f32_RING_LL(ncclDevKernelArgsStorage<4096ul>)	_reduce_scatter_base	54534144	mesh_dp_shard	[1, 5]	Float
10	DP	6927264022382669	6927264138678033	116295364	ncclDevKernel_ReduceScatter_Sum_f32_RING_LL(ncclDevKernelArgsStorage<4096ul>)	_reduce_scatter_base	54534144	mesh_dp_shard	[1, 5]	Float
10	DP	6927264139045166	6927264255518961	116473795	ncclDevKernel_ReduceScatter_Sum_f32_RING_LL(ncclDevKernelArgsStorage<4096ul>)	_reduce_scatter_base	54534144	mesh_dp_shard	[1, 5]	Float
10	DP	6927264255872494	6927264372076051	116203557	ncclDevKernel_ReduceScatter_Sum_f32_RING_LL(ncclDevKernelArgsStorage<4096ul>)	_reduce_scatter_base	54534144	mesh_dp_shard	[1, 5]	Float
10	DP	6927264372436561	6927264486424388	113987827	ncclDevKernel_ReduceScatter_Sum_f32_RING_LL(ncclDevKernelArgsStorage<4096ul>)	_reduce_scatter_base	54534144	mesh_dp_shard	[1, 5]	Float
10	DP	6927264486776897	6927264603665025	116888128	ncclDevKernel_ReduceScatter_Sum_f32_RING_LL(ncclDevKernelArgsStorage<4096ul>)	_reduce_scatter_base	54534144	mesh_dp_shard	[1, 5]	Float
10	DP	6927264604027135	6927264720829568	116802433	ncclDevKernel_ReduceScatter_Sum_f32_RING_LL(ncclDevKernelArgsStorage<4096ul>)	_reduce_scatter_base	54534144	mesh_dp_shard	[1, 5]	Float
10	DP	6927264721186077	6927264833435996	112249919	ncclDevKernel_ReduceScatter_Sum_f32_RING_LL(ncclDevKernelArgsStorage<4096ul>)	_reduce_scatter_base	54534144	mesh_dp_shard	[1, 5]	Float
10	DP	6927264833790554	6927264942290897	108500343	ncclDevKernel_ReduceScatter_Sum_f32_RING_LL(ncclDevKernelArgsStorage<4096ul>)	_reduce_scatter_base	54534144	mesh_dp_shard	[1, 5]	Float
10	DP	6927264953090858	6927264953171049	80191	ncclDevKernel_AllReduce_Sum_f32_RING_LL(ncclDevKernelArgsStorage<4096ul>)	allreduce	1	mesh_dp_shard	[1, 5]	Float
10	PP	6927265067907095	6927265067916695	9600	ncclDevKernel_AllReduce_Sum_f32_RING_LL(ncclDevKernelArgsStorage<4096ul>)	allreduce	1	mesh_pp	[5, 13]	Float
11	DP	6927265083549297	6927265221391623	137842326	ncclDevKernel_AllGather_RING_LL(ncclDevKernelArgsStorage<4096ul>)	_allgather_base	65667072	mesh_dp_shard	[1, 5]	BFloat16
11	DP	6927265221393063	6927265284858118	63465055	ncclDevKernel_AllGather_RING_LL(ncclDevKernelArgsStorage<4096ul>)	_allgather_base	27267072	mesh_dp_shard	[1, 5]	BFloat16
11	DP	6927265284861284	6927265351462768	66601484	ncclDevKernel_AllGather_RING_LL(ncclDevKernelArgsStorage<4096ul>)	_allgather_base	27267072	mesh_dp_shard	[1, 5]	BFloat16
11	DP	6927265351464624	6927265441895103	90430479	ncclDevKernel_AllGather_RING_LL(ncclDevKernelArgsStorage<4096ul>)	_allgather_base	27267072	mesh_dp_shard	[1, 5]	BFloat16
11	DP	6927265441925887	6927265531819442	89893555	ncclDevKernel_AllGather_RING_LL(ncclDevKernelArgsStorage<4096ul>)	_allgather_base	27267072	mesh_dp_shard	[1, 5]	BFloat16
11	DP	6927265531823666	6927265617517056	85693390	ncclDevKernel_AllGather_RING_LL(ncclDevKernelArgsStorage<4096ul>)	_allgather_base	27267072	mesh_dp_shard	[1, 5]	BFloat16
11	DP	6927265617544960	6927265703501036	85956076	ncclDevKernel_AllGather_RING_LL(ncclDevKernelArgsStorage<4096ul>)	_allgather_base	27267072	mesh_dp_shard	[1, 5]	BFloat16
11	DP	6927265703505901	6927265785483347	81977446	ncclDevKernel_AllGather_RING_LL(ncclDevKernelArgsStorage<4096ul>)	_allgather_base	27267072	mesh_dp_shard	[1, 5]	BFloat16
11	DP	6927265785487539	6927265869601068	84113529	ncclDevKernel_AllGather_RING_LL(ncclDevKernelArgsStorage<4096ul>)	_allgather_base	27267072	mesh_dp_shard	[1, 5]	BFloat16
11	DP	6927265869604268	6927265953849316	84245048	ncclDevKernel_AllGather_RING_LL(ncclDevKernelArgsStorage<4096ul>)	_allgather_base	27267072	mesh_dp_shard	[1, 5]	BFloat16
11	DP	6927265953851556	6927266037634974	83783418	ncclDevKernel_AllGather_RING_LL(ncclDevKernelArgsStorage<4096ul>)	_allgather_base	27267072	mesh_dp_shard	[1, 5]	BFloat16
11	DP	6927266037637726	6927266121002588	83364862	ncclDevKernel_AllGather_RING_LL(ncclDevKernelArgsStorage<4096ul>)	_allgather_base	27267072	mesh_dp_shard	[1, 5]	BFloat16
11	DP	6927266121005884	6927266203458240	82452356	ncclDevKernel_AllGather_RING_LL(ncclDevKernelArgsStorage<4096ul>)	_allgather_base	27267072	mesh_dp_shard	[1, 5]	BFloat16
11	DP	6927266203460736	6927266286732958	83272222	ncclDevKernel_AllGather_RING_LL(ncclDevKernelArgsStorage<4096ul>)	_allgather_base	27267072	mesh_dp_shard	[1, 5]	BFloat16
11	DP	6927266286736926	6927266369363168	82626242	ncclDevKernel_AllGather_RING_LL(ncclDevKernelArgsStorage<4096ul>)	_allgather_base	27267072	mesh_dp_shard	[1, 5]	BFloat16
11	DP	6927266369368384	6927266452717630	83349246	ncclDevKernel_AllGather_RING_LL(ncclDevKernelArgsStorage<4096ul>)	_allgather_base	27267072	mesh_dp_shard	[1, 5]	BFloat16
11	DP	6927266452721534	6927266533884298	81162764	ncclDevKernel_AllGather_RING_LL(ncclDevKernelArgsStorage<4096ul>)	_allgather_base	27267072	mesh_dp_shard	[1, 5]	BFloat16
11	PP	6927266585580407	6927266595300087	9719680	ncclDevKernel_SendRecv(ncclDevKernelArgsStorage<4096ul>)	NULL	NULL	NULL	NULL	NULL
11	PP	6927267330188647	6927269199931175	1869742528	ncclDevKernel_SendRecv(ncclDevKernelArgsStorage<4096ul>)	NULL	NULL	NULL	NULL	NULL
11	PP	6927270416219625	6927274157090785	3740871160	ncclDevKernel_SendRecv(ncclDevKernelArgsStorage<4096ul>)	NULL	NULL	NULL	NULL	NULL
11	DP	6927275379962439	6927275642812489	262850050	ncclDevKernel_ReduceScatter_Sum_f32_RING_LL(ncclDevKernelArgsStorage<4096ul>)	_reduce_scatter_base	131334144	mesh_dp_shard	[1, 5]	Float
11	DP	6927275643169511	6927275753110486	109940975	ncclDevKernel_ReduceScatter_Sum_f32_RING_LL(ncclDevKernelArgsStorage<4096ul>)	_reduce_scatter_base	54534144	mesh_dp_shard	[1, 5]	Float
11	DP	6927275753462196	6927275862688422	109226226	ncclDevKernel_ReduceScatter_Sum_f32_RING_LL(ncclDevKernelArgsStorage<4096ul>)	_reduce_scatter_base	54534144	mesh_dp_shard	[1, 5]	Float
11	DP	6927275863043172	6927275972670421	109627249	ncclDevKernel_ReduceScatter_Sum_f32_RING_LL(ncclDevKernelArgsStorage<4096ul>)	_reduce_scatter_base	54534144	mesh_dp_shard	[1, 5]	Float
11	DP	6927275973041426	6927276084246649	111205223	ncclDevKernel_ReduceScatter_Sum_f32_RING_LL(ncclDevKernelArgsStorage<4096ul>)	_reduce_scatter_base	54534144	mesh_dp_shard	[1, 5]	Float
11	DP	6927276084605814	6927276195281087	110675273	ncclDevKernel_ReduceScatter_Sum_f32_RING_LL(ncclDevKernelArgsStorage<4096ul>)	_reduce_scatter_base	54534144	mesh_dp_shard	[1, 5]	Float
11	DP	6927276195636701	6927276306150856	110514155	ncclDevKernel_ReduceScatter_Sum_f32_RING_LL(ncclDevKernelArgsStorage<4096ul>)	_reduce_scatter_base	54534144	mesh_dp_shard	[1, 5]	Float
11	DP	6927276306505093	6927276415990199	109485106	ncclDevKernel_ReduceScatter_Sum_f32_RING_LL(ncclDevKernelArgsStorage<4096ul>)	_reduce_scatter_base	54534144	mesh_dp_shard	[1, 5]	Float
11	DP	6927276416344213	6927276527291804	110947591	ncclDevKernel_ReduceScatter_Sum_f32_RING_LL(ncclDevKernelArgsStorage<4096ul>)	_reduce_scatter_base	54534144	mesh_dp_shard	[1, 5]	Float
11	DP	6927276527647386	6927276640522261	112874875	ncclDevKernel_ReduceScatter_Sum_f32_RING_LL(ncclDevKernelArgsStorage<4096ul>)	_reduce_scatter_base	54534144	mesh_dp_shard	[1, 5]	Float
11	DP	6927276640881939	6927276751008736	110126797	ncclDevKernel_ReduceScatter_Sum_f32_RING_LL(ncclDevKernelArgsStorage<4096ul>)	_reduce_scatter_base	54534144	mesh_dp_shard	[1, 5]	Float
11	DP	6927276751364350	6927276863517566	112153216	ncclDevKernel_ReduceScatter_Sum_f32_RING_LL(ncclDevKernelArgsStorage<4096ul>)	_reduce_scatter_base	54534144	mesh_dp_shard	[1, 5]	Float
11	DP	6927276863870843	6927276975284576	111413733	ncclDevKernel_ReduceScatter_Sum_f32_RING_LL(ncclDevKernelArgsStorage<4096ul>)	_reduce_scatter_base	54534144	mesh_dp_shard	[1, 5]	Float
11	DP	6927276975640702	6927277088770263	113129561	ncclDevKernel_ReduceScatter_Sum_f32_RING_LL(ncclDevKernelArgsStorage<4096ul>)	_reduce_scatter_base	54534144	mesh_dp_shard	[1, 5]	Float
11	DP	6927277089132917	6927277204489408	115356491	ncclDevKernel_ReduceScatter_Sum_f32_RING_LL(ncclDevKernelArgsStorage<4096ul>)	_reduce_scatter_base	54534144	mesh_dp_shard	[1, 5]	Float
11	DP	6927277204840797	6927277318082678	113241881	ncclDevKernel_ReduceScatter_Sum_f32_RING_LL(ncclDevKernelArgsStorage<4096ul>)	_reduce_scatter_base	54534144	mesh_dp_shard	[1, 5]	Float
11	DP	6927277318430676	6927277426100817	107670141	ncclDevKernel_ReduceScatter_Sum_f32_RING_LL(ncclDevKernelArgsStorage<4096ul>)	_reduce_scatter_base	54534144	mesh_dp_shard	[1, 5]	Float
11	DP	6927277436889995	6927277436968394	78399	ncclDevKernel_AllReduce_Sum_f32_RING_LL(ncclDevKernelArgsStorage<4096ul>)	allreduce	1	mesh_dp_shard	[1, 5]	Float
11	PP	6927277520714276	6927277520723844	9568	ncclDevKernel_AllReduce_Sum_f32_RING_LL(ncclDevKernelArgsStorage<4096ul>)	allreduce	1	mesh_pp	[5, 13]	Float
12	DP	6927277536322334	6927277674859505	138537171	ncclDevKernel_AllGather_RING_LL(ncclDevKernelArgsStorage<4096ul>)	_allgather_base	65667072	mesh_dp_shard	[1, 5]	BFloat16
12	DP	6927277674861297	6927277737411382	62550085	ncclDevKernel_AllGather_RING_LL(ncclDevKernelArgsStorage<4096ul>)	_allgather_base	27267072	mesh_dp_shard	[1, 5]	BFloat16
12	DP	6927277737413398	6927277806202291	68788893	ncclDevKernel_AllGather_RING_LL(ncclDevKernelArgsStorage<4096ul>)	_allgather_base	27267072	mesh_dp_shard	[1, 5]	BFloat16
12	DP	6927277806204350	6927277891481229	85276879	ncclDevKernel_AllGather_RING_LL(ncclDevKernelArgsStorage<4096ul>)	_allgather_base	27267072	mesh_dp_shard	[1, 5]	BFloat16
12	DP	6927277891498445	6927277977188634	85690189	ncclDevKernel_AllGather_RING_LL(ncclDevKernelArgsStorage<4096ul>)	_allgather_base	27267072	mesh_dp_shard	[1, 5]	BFloat16
12	DP	6927277977194362	6927278060389751	83195389	ncclDevKernel_AllGather_RING_LL(ncclDevKernelArgsStorage<4096ul>)	_allgather_base	27267072	mesh_dp_shard	[1, 5]	BFloat16
12	DP	6927278060403191	6927278144666925	84263734	ncclDevKernel_AllGather_RING_LL(ncclDevKernelArgsStorage<4096ul>)	_allgather_base	27267072	mesh_dp_shard	[1, 5]	BFloat16
12	DP	6927278144705805	6927278228331560	83625755	ncclDevKernel_AllGather_RING_LL(ncclDevKernelArgsStorage<4096ul>)	_allgather_base	27267072	mesh_dp_shard	[1, 5]	BFloat16
12	DP	6927278228362056	6927278315533419	87171363	ncclDevKernel_AllGather_RING_LL(ncclDevKernelArgsStorage<4096ul>)	_allgather_base	27267072	mesh_dp_shard	[1, 5]	BFloat16
12	DP	6927278315539595	6927278402175729	86636134	ncclDevKernel_AllGather_RING_LL(ncclDevKernelArgsStorage<4096ul>)	_allgather_base	27267072	mesh_dp_shard	[1, 5]	BFloat16
12	DP	6927278402178865	6927278490276910	88098045	ncclDevKernel_AllGather_RING_LL(ncclDevKernelArgsStorage<4096ul>)	_allgather_base	27267072	mesh_dp_shard	[1, 5]	BFloat16
12	DP	6927278490279182	6927278576485560	86206378	ncclDevKernel_AllGather_RING_LL(ncclDevKernelArgsStorage<4096ul>)	_allgather_base	27267072	mesh_dp_shard	[1, 5]	BFloat16
12	DP	6927278576487512	6927278663051134	86563622	ncclDevKernel_AllGather_RING_LL(ncclDevKernelArgsStorage<4096ul>)	_allgather_base	27267072	mesh_dp_shard	[1, 5]	BFloat16
12	DP	6927278663055390	6927278747206453	84151063	ncclDevKernel_AllGather_RING_LL(ncclDevKernelArgsStorage<4096ul>)	_allgather_base	27267072	mesh_dp_shard	[1, 5]	BFloat16
12	DP	6927278747210230	6927278831980393	84770163	ncclDevKernel_AllGather_RING_LL(ncclDevKernelArgsStorage<4096ul>)	_allgather_base	27267072	mesh_dp_shard	[1, 5]	BFloat16
12	DP	6927278831984681	6927278917761493	85776812	ncclDevKernel_AllGather_RING_LL(ncclDevKernelArgsStorage<4096ul>)	_allgather_base	27267072	mesh_dp_shard	[1, 5]	BFloat16
12	DP	6927278917764629	6927278995945939	78181310	ncclDevKernel_AllGather_RING_LL(ncclDevKernelArgsStorage<4096ul>)	_allgather_base	27267072	mesh_dp_shard	[1, 5]	BFloat16
12	PP	6927279041423528	6927279052226593	10803065	ncclDevKernel_SendRecv(ncclDevKernelArgsStorage<4096ul>)	NULL	NULL	NULL	NULL	NULL
12	PP	6927279786234409	6927281654424948	1868190539	ncclDevKernel_SendRecv(ncclDevKernelArgsStorage<4096ul>)	NULL	NULL	NULL	NULL	NULL
12	PP	6927282869406260	6927286609990851	3740584591	ncclDevKernel_SendRecv(ncclDevKernelArgsStorage<4096ul>)	NULL	NULL	NULL	NULL	NULL
12	DP	6927287834790669	6927288105790508	270999839	ncclDevKernel_ReduceScatter_Sum_f32_RING_LL(ncclDevKernelArgsStorage<4096ul>)	_reduce_scatter_base	131334144	mesh_dp_shard	[1, 5]	Float
12	DP	6927288106146314	6927288219987238	113840924	ncclDevKernel_ReduceScatter_Sum_f32_RING_LL(ncclDevKernelArgsStorage<4096ul>)	_reduce_scatter_base	54534144	mesh_dp_shard	[1, 5]	Float
12	DP	6927288220339876	6927288332823593	112483717	ncclDevKernel_ReduceScatter_Sum_f32_RING_LL(ncclDevKernelArgsStorage<4096ul>)	_reduce_scatter_base	54534144	mesh_dp_shard	[1, 5]	Float
12	DP	6927288333178119	6927288447054243	113876124	ncclDevKernel_ReduceScatter_Sum_f32_RING_LL(ncclDevKernelArgsStorage<4096ul>)	_reduce_scatter_base	54534144	mesh_dp_shard	[1, 5]	Float
12	DP	6927288447424064	6927288561523547	114099483	ncclDevKernel_ReduceScatter_Sum_f32_RING_LL(ncclDevKernelArgsStorage<4096ul>)	_reduce_scatter_base	54534144	mesh_dp_shard	[1, 5]	Float
12	DP	6927288561876153	6927288674808763	112932610	ncclDevKernel_ReduceScatter_Sum_f32_RING_LL(ncclDevKernelArgsStorage<4096ul>)	_reduce_scatter_base	54534144	mesh_dp_shard	[1, 5]	Float
12	DP	6927288675169433	6927288788783735	113614302	ncclDevKernel_ReduceScatter_Sum_f32_RING_LL(ncclDevKernelArgsStorage<4096ul>)	_reduce_scatter_base	54534144	mesh_dp_shard	[1, 5]	Float
12	DP	6927288789136596	6927288900789279	111652683	ncclDevKernel_ReduceScatter_Sum_f32_RING_LL(ncclDevKernelArgsStorage<4096ul>)	_reduce_scatter_base	54534144	mesh_dp_shard	[1, 5]	Float
12	DP	6927288901150908	6927289016139441	114988533	ncclDevKernel_ReduceScatter_Sum_f32_RING_LL(ncclDevKernelArgsStorage<4096ul>)	_reduce_scatter_base	54534144	mesh_dp_shard	[1, 5]	Float
12	DP	6927289016497967	6927289128597783	112099816	ncclDevKernel_ReduceScatter_Sum_f32_RING_LL(ncclDevKernelArgsStorage<4096ul>)	_reduce_scatter_base	54534144	mesh_dp_shard	[1, 5]	Float
12	DP	6927289128975444	6927289243174894	114199450	ncclDevKernel_ReduceScatter_Sum_f32_RING_LL(ncclDevKernelArgsStorage<4096ul>)	_reduce_scatter_base	54534144	mesh_dp_shard	[1, 5]	Float
12	DP	6927289243537132	6927289359178556	115641424	ncclDevKernel_ReduceScatter_Sum_f32_RING_LL(ncclDevKernelArgsStorage<4096ul>)	_reduce_scatter_base	54534144	mesh_dp_shard	[1, 5]	Float
12	DP	6927289359541242	6927289475879014	116337772	ncclDevKernel_ReduceScatter_Sum_f32_RING_LL(ncclDevKernelArgsStorage<4096ul>)	_reduce_scatter_base	54534144	mesh_dp_shard	[1, 5]	Float
12	DP	6927289476230180	6927289590507933	114277753	ncclDevKernel_ReduceScatter_Sum_f32_RING_LL(ncclDevKernelArgsStorage<4096ul>)	_reduce_scatter_base	54534144	mesh_dp_shard	[1, 5]	Float
12	DP	6927289590876411	6927289704768599	113892188	ncclDevKernel_ReduceScatter_Sum_f32_RING_LL(ncclDevKernelArgsStorage<4096ul>)	_reduce_scatter_base	54534144	mesh_dp_shard	[1, 5]	Float
12	DP	6927289705124692	6927289815480072	110355380	ncclDevKernel_ReduceScatter_Sum_f32_RING_LL(ncclDevKernelArgsStorage<4096ul>)	_reduce_scatter_base	54534144	mesh_dp_shard	[1, 5]	Float
12	DP	6927289815837445	6927289924469891	108632446	ncclDevKernel_ReduceScatter_Sum_f32_RING_LL(ncclDevKernelArgsStorage<4096ul>)	_reduce_scatter_base	54534144	mesh_dp_shard	[1, 5]	Float
12	DP	6927289935092382	6927289935171038	78656	ncclDevKernel_AllReduce_Sum_f32_RING_LL(ncclDevKernelArgsStorage<4096ul>)	allreduce	1	mesh_dp_shard	[1, 5]	Float
12	PP	6927289959634815	6927289959644127	9312	ncclDevKernel_AllReduce_Sum_f32_RING_LL(ncclDevKernelArgsStorage<4096ul>)	allreduce	1	mesh_pp	[5, 13]	Float
13	DP	6927289975193786	6927290116191461	140997675	ncclDevKernel_AllGather_RING_LL(ncclDevKernelArgsStorage<4096ul>)	_allgather_base	65667072	mesh_dp_shard	[1, 5]	BFloat16
13	DP	6927290116194406	6927290178770415	62576009	ncclDevKernel_AllGather_RING_LL(ncclDevKernelArgsStorage<4096ul>)	_allgather_base	27267072	mesh_dp_shard	[1, 5]	BFloat16
13	DP	6927290178773903	6927290251326936	72553033	ncclDevKernel_AllGather_RING_LL(ncclDevKernelArgsStorage<4096ul>)	_allgather_base	27267072	mesh_dp_shard	[1, 5]	BFloat16
13	DP	6927290251329688	6927290339456539	88126851	ncclDevKernel_AllGather_RING_LL(ncclDevKernelArgsStorage<4096ul>)	_allgather_base	27267072	mesh_dp_shard	[1, 5]	BFloat16
13	DP	6927290339471515	6927290427072097	87600582	ncclDevKernel_AllGather_RING_LL(ncclDevKernelArgsStorage<4096ul>)	_allgather_base	27267072	mesh_dp_shard	[1, 5]	BFloat16
13	DP	6927290427087140	6927290513434030	86346890	ncclDevKernel_AllGather_RING_LL(ncclDevKernelArgsStorage<4096ul>)	_allgather_base	27267072	mesh_dp_shard	[1, 5]	BFloat16
13	DP	6927290513439278	6927290595981901	82542623	ncclDevKernel_AllGather_RING_LL(ncclDevKernelArgsStorage<4096ul>)	_allgather_base	27267072	mesh_dp_shard	[1, 5]	BFloat16
13	DP	6927290595986510	6927290678958955	82972445	ncclDevKernel_AllGather_RING_LL(ncclDevKernelArgsStorage<4096ul>)	_allgather_base	27267072	mesh_dp_shard	[1, 5]	BFloat16
13	DP	6927290678961611	6927290764348442	85386831	ncclDevKernel_AllGather_RING_LL(ncclDevKernelArgsStorage<4096ul>)	_allgather_base	27267072	mesh_dp_shard	[1, 5]	BFloat16
13	DP	6927290764351866	6927290848628912	84277046	ncclDevKernel_AllGather_RING_LL(ncclDevKernelArgsStorage<4096ul>)	_allgather_base	27267072	mesh_dp_shard	[1, 5]	BFloat16
13	DP	6927290848631824	6927290930913329	82281505	ncclDevKernel_AllGather_RING_LL(ncclDevKernelArgsStorage<4096ul>)	_allgather_base	27267072	mesh_dp_shard	[1, 5]	BFloat16
13	DP	6927290930916274	6927291013276627	82360353	ncclDevKernel_AllGather_RING_LL(ncclDevKernelArgsStorage<4096ul>)	_allgather_base	27267072	mesh_dp_shard	[1, 5]	BFloat16
13	DP	6927291013281170	6927291094807928	81526758	ncclDevKernel_AllGather_RING_LL(ncclDevKernelArgsStorage<4096ul>)	_allgather_base	27267072	mesh_dp_shard	[1, 5]	BFloat16
13	DP	6927291094812536	6927291176865627	82053091	ncclDevKernel_AllGather_RING_LL(ncclDevKernelArgsStorage<4096ul>)	_allgather_base	27267072	mesh_dp_shard	[1, 5]	BFloat16
13	DP	6927291176870683	6927291255882416	79011733	ncclDevKernel_AllGather_RING_LL(ncclDevKernelArgsStorage<4096ul>)	_allgather_base	27267072	mesh_dp_shard	[1, 5]	BFloat16
13	DP	6927291255897808	6927291336439019	80541211	ncclDevKernel_AllGather_RING_LL(ncclDevKernelArgsStorage<4096ul>)	_allgather_base	27267072	mesh_dp_shard	[1, 5]	BFloat16
13	DP	6927291336458635	6927291408339640	71881005	ncclDevKernel_AllGather_RING_LL(ncclDevKernelArgsStorage<4096ul>)	_allgather_base	27267072	mesh_dp_shard	[1, 5]	BFloat16
13	PP	6927291477941397	6927291488032395	10090998	ncclDevKernel_SendRecv(ncclDevKernelArgsStorage<4096ul>)	NULL	NULL	NULL	NULL	NULL
13	PP	6927292226728374	6927294104143198	1877414824	ncclDevKernel_SendRecv(ncclDevKernelArgsStorage<4096ul>)	NULL	NULL	NULL	NULL	NULL
13	PP	6927295320510237	6927298598362644	3277852407	ncclDevKernel_SendRecv(ncclDevKernelArgsStorage<4096ul>)	NULL	NULL	NULL	NULL	NULL
13	DP	6927299983768565	6927300259816768	276048203	ncclDevKernel_ReduceScatter_Sum_f32_RING_LL(ncclDevKernelArgsStorage<4096ul>)	_reduce_scatter_base	131334144	mesh_dp_shard	[1, 5]	Float
13	DP	6927300260174526	6927300373400054	113225528	ncclDevKernel_ReduceScatter_Sum_f32_RING_LL(ncclDevKernelArgsStorage<4096ul>)	_reduce_scatter_base	54534144	mesh_dp_shard	[1, 5]	Float
13	DP	6927300373772180	6927300486949549	113177369	ncclDevKernel_ReduceScatter_Sum_f32_RING_LL(ncclDevKernelArgsStorage<4096ul>)	_reduce_scatter_base	54534144	mesh_dp_shard	[1, 5]	Float
13	DP	6927300487308746	6927300601722779	114414033	ncclDevKernel_ReduceScatter_Sum_f32_RING_LL(ncclDevKernelArgsStorage<4096ul>)	_reduce_scatter_base	54534144	mesh_dp_shard	[1, 5]	Float
13	DP	6927300602071193	6927300715889869	113818676	ncclDevKernel_ReduceScatter_Sum_f32_RING_LL(ncclDevKernelArgsStorage<4096ul>)	_reduce_scatter_base	54534144	mesh_dp_shard	[1, 5]	Float
13	DP	6927300716268939	6927300829938240	113669301	ncclDevKernel_ReduceScatter_Sum_f32_RING_LL(ncclDevKernelArgsStorage<4096ul>)	_reduce_scatter_base	54534144	mesh_dp_shard	[1, 5]	Float
13	DP	6927300830290686	6927300944704590	114413904	ncclDevKernel_ReduceScatter_Sum_f32_RING_LL(ncclDevKernelArgsStorage<4096ul>)	_reduce_scatter_base	54534144	mesh_dp_shard	[1, 5]	Float
13	DP	6927300945054028	6927301058250565	113196537	ncclDevKernel_ReduceScatter_Sum_f32_RING_LL(ncclDevKernelArgsStorage<4096ul>)	_reduce_scatter_base	54534144	mesh_dp_shard	[1, 5]	Float
13	DP	6927301058610274	6927301175778785	117168511	ncclDevKernel_ReduceScatter_Sum_f32_RING_LL(ncclDevKernelArgsStorage<4096ul>)	_reduce_scatter_base	54534144	mesh_dp_shard	[1, 5]	Float
13	DP	6927301176134015	6927301290231121	114097106	ncclDevKernel_ReduceScatter_Sum_f32_RING_LL(ncclDevKernelArgsStorage<4096ul>)	_reduce_scatter_base	54534144	mesh_dp_shard	[1, 5]	Float
13	DP	6927301290592879	6927301407951436	117358557	ncclDevKernel_ReduceScatter_Sum_f32_RING_LL(ncclDevKernelArgsStorage<4096ul>)	_reduce_scatter_base	54534144	mesh_dp_shard	[1, 5]	Float
13	DP	6927301408302506	6927301522416572	114114066	ncclDevKernel_ReduceScatter_Sum_f32_RING_LL(ncclDevKernelArgsStorage<4096ul>)	_reduce_scatter_base	54534144	mesh_dp_shard	[1, 5]	Float
13	DP	6927301522779866	6927301637493576	114713710	ncclDevKernel_ReduceScatter_Sum_f32_RING_LL(ncclDevKernelArgsStorage<4096ul>)	_reduce_scatter_base	54534144	mesh_dp_shard	[1, 5]	Float
13	DP	6927301637864326	6927301752131480	114267154	ncclDevKernel_ReduceScatter_Sum_f32_RING_LL(ncclDevKernelArgsStorage<4096ul>)	_reduce_scatter_base	54534144	mesh_dp_shard	[1, 5]	Float
13	DP	6927301752489717	6927301866770951	114281234	ncclDevKernel_ReduceScatter_Sum_f32_RING_LL(ncclDevKernelArgsStorage<4096ul>)	_reduce_scatter_base	54534144	mesh_dp_shard	[1, 5]	Float
13	DP	6927301867140868	6927301979641666	112500798	ncclDevKernel_ReduceScatter_Sum_f32_RING_LL(ncclDevKernelArgsStorage<4096ul>)	_reduce_scatter_base	54534144	mesh_dp_shard	[1, 5]	Float
13	DP	6927301979991775	6927302088228152	108236377	ncclDevKernel_ReduceScatter_Sum_f32_RING_LL(ncclDevKernelArgsStorage<4096ul>)	_reduce_scatter_base	54534144	mesh_dp_shard	[1, 5]	Float
13	DP	6927302098827315	6927302098909298	81983	ncclDevKernel_AllReduce_Sum_f32_RING_LL(ncclDevKernelArgsStorage<4096ul>)	allreduce	1	mesh_dp_shard	[1, 5]	Float
13	PP	6927302127365111	6927302127374487	9376	ncclDevKernel_AllReduce_Sum_f32_RING_LL(ncclDevKernelArgsStorage<4096ul>)	allreduce	1	mesh_pp	[5, 13]	Float
14	DP	6927302143027312	6927302283670997	140643685	ncclDevKernel_AllGather_RING_LL(ncclDevKernelArgsStorage<4096ul>)	_allgather_base	65667072	mesh_dp_shard	[1, 5]	BFloat16
14	DP	6927302283672661	6927302346975733	63303072	ncclDevKernel_AllGather_RING_LL(ncclDevKernelArgsStorage<4096ul>)	_allgather_base	27267072	mesh_dp_shard	[1, 5]	BFloat16
14	DP	6927302346977685	6927302414970422	67992737	ncclDevKernel_AllGather_RING_LL(ncclDevKernelArgsStorage<4096ul>)	_allgather_base	27267072	mesh_dp_shard	[1, 5]	BFloat16
14	DP	6927302414978102	6927302504596394	89618292	ncclDevKernel_AllGather_RING_LL(ncclDevKernelArgsStorage<4096ul>)	_allgather_base	27267072	mesh_dp_shard	[1, 5]	BFloat16
14	DP	6927302504603337	6927302593551841	88948504	ncclDevKernel_AllGather_RING_LL(ncclDevKernelArgsStorage<4096ul>)	_allgather_base	27267072	mesh_dp_shard	[1, 5]	BFloat16
14	DP	6927302593569474	6927302681551519	87982045	ncclDevKernel_AllGather_RING_LL(ncclDevKernelArgsStorage<4096ul>)	_allgather_base	27267072	mesh_dp_shard	[1, 5]	BFloat16
14	DP	6927302681555840	6927302766123956	84568116	ncclDevKernel_AllGather_RING_LL(ncclDevKernelArgsStorage<4096ul>)	_allgather_base	27267072	mesh_dp_shard	[1, 5]	BFloat16
14	DP	6927302766125524	6927302852603388	86477864	ncclDevKernel_AllGather_RING_LL(ncclDevKernelArgsStorage<4096ul>)	_allgather_base	27267072	mesh_dp_shard	[1, 5]	BFloat16
14	DP	6927302852606140	6927302936417494	83811354	ncclDevKernel_AllGather_RING_LL(ncclDevKernelArgsStorage<4096ul>)	_allgather_base	27267072	mesh_dp_shard	[1, 5]	BFloat16
14	DP	6927302936420086	6927303020913963	84493877	ncclDevKernel_AllGather_RING_LL(ncclDevKernelArgsStorage<4096ul>)	_allgather_base	27267072	mesh_dp_shard	[1, 5]	BFloat16
14	DP	6927303020916971	6927303104608389	83691418	ncclDevKernel_AllGather_RING_LL(ncclDevKernelArgsStorage<4096ul>)	_allgather_base	27267072	mesh_dp_shard	[1, 5]	BFloat16
14	DP	6927303104612389	6927303186668650	82056261	ncclDevKernel_AllGather_RING_LL(ncclDevKernelArgsStorage<4096ul>)	_allgather_base	27267072	mesh_dp_shard	[1, 5]	BFloat16
14	DP	6927303186673147	6927303271106076	84432929	ncclDevKernel_AllGather_RING_LL(ncclDevKernelArgsStorage<4096ul>)	_allgather_base	27267072	mesh_dp_shard	[1, 5]	BFloat16
14	DP	6927303271110524	6927303354199135	83088611	ncclDevKernel_AllGather_RING_LL(ncclDevKernelArgsStorage<4096ul>)	_allgather_base	27267072	mesh_dp_shard	[1, 5]	BFloat16
14	DP	6927303354203167	6927303434984033	80780866	ncclDevKernel_AllGather_RING_LL(ncclDevKernelArgsStorage<4096ul>)	_allgather_base	27267072	mesh_dp_shard	[1, 5]	BFloat16
14	DP	6927303434987009	6927303515394694	80407685	ncclDevKernel_AllGather_RING_LL(ncclDevKernelArgsStorage<4096ul>)	_allgather_base	27267072	mesh_dp_shard	[1, 5]	BFloat16
14	DP	6927303515397062	6927303595366254	79969192	ncclDevKernel_AllGather_RING_LL(ncclDevKernelArgsStorage<4096ul>)	_allgather_base	27267072	mesh_dp_shard	[1, 5]	BFloat16
14	PP	6927303652500783	6927303660814903	8314120	ncclDevKernel_SendRecv(ncclDevKernelArgsStorage<4096ul>)	NULL	NULL	NULL	NULL	NULL
14	PP	6927304396171379	6927306273362758	1877191379	ncclDevKernel_SendRecv(ncclDevKernelArgsStorage<4096ul>)	NULL	NULL	NULL	NULL	NULL
14	PP	6927307488264819	6927310975965621	3487700802	ncclDevKernel_SendRecv(ncclDevKernelArgsStorage<4096ul>)	NULL	NULL	NULL	NULL	NULL
14	DP	6927312320263261	6927312592639284	272376023	ncclDevKernel_ReduceScatter_Sum_f32_RING_LL(ncclDevKernelArgsStorage<4096ul>)	_reduce_scatter_base	131334144	mesh_dp_shard	[1, 5]	Float
14	DP	6927312592991729	6927312705557340	112565611	ncclDevKernel_ReduceScatter_Sum_f32_RING_LL(ncclDevKernelArgsStorage<4096ul>)	_reduce_scatter_base	54534144	mesh_dp_shard	[1, 5]	Float
14	DP	6927312705918394	6927312821599183	115680789	ncclDevKernel_ReduceScatter_Sum_f32_RING_LL(ncclDevKernelArgsStorage<4096ul>)	_reduce_scatter_base	54534144	mesh_dp_shard	[1, 5]	Float
14	DP	6927312821968781	6927312934763478	112794697	ncclDevKernel_ReduceScatter_Sum_f32_RING_LL(ncclDevKernelArgsStorage<4096ul>)	_reduce_scatter_base	54534144	mesh_dp_shard	[1, 5]	Float
14	DP	6927312935137203	6927313051048967	115911764	ncclDevKernel_ReduceScatter_Sum_f32_RING_LL(ncclDevKernelArgsStorage<4096ul>)	_reduce_scatter_base	54534144	mesh_dp_shard	[1, 5]	Float
14	DP	6927313051414885	6927313165140999	113726114	ncclDevKernel_ReduceScatter_Sum_f32_RING_LL(ncclDevKernelArgsStorage<4096ul>)	_reduce_scatter_base	54534144	mesh_dp_shard	[1, 5]	Float
14	DP	6927313165495717	6927313279193768	113698051	ncclDevKernel_ReduceScatter_Sum_f32_RING_LL(ncclDevKernelArgsStorage<4096ul>)	_reduce_scatter_base	54534144	mesh_dp_shard	[1, 5]	Float
14	DP	6927313279551397	6927313396810000	117258603	ncclDevKernel_ReduceScatter_Sum_f32_RING_LL(ncclDevKernelArgsStorage<4096ul>)	_reduce_scatter_base	54534144	mesh_dp_shard	[1, 5]	Float
14	DP	6927313397173838	6927313513749277	116575439	ncclDevKernel_ReduceScatter_Sum_f32_RING_LL(ncclDevKernelArgsStorage<4096ul>)	_reduce_scatter_base	54534144	mesh_dp_shard	[1, 5]	Float
14	DP	6927313514110587	6927313628651448	114540861	ncclDevKernel_ReduceScatter_Sum_f32_RING_LL(ncclDevKernelArgsStorage<4096ul>)	_reduce_scatter_base	54534144	mesh_dp_shard	[1, 5]	Float
14	DP	6927313629013878	6927313745945699	116931821	ncclDevKernel_ReduceScatter_Sum_f32_RING_LL(ncclDevKernelArgsStorage<4096ul>)	_reduce_scatter_base	54534144	mesh_dp_shard	[1, 5]	Float
14	DP	6927313746309505	6927313861898615	115589110	ncclDevKernel_ReduceScatter_Sum_f32_RING_LL(ncclDevKernelArgsStorage<4096ul>)	_reduce_scatter_base	54534144	mesh_dp_shard	[1, 5]	Float
14	DP	6927313862260532	6927313979920221	117659689	ncclDevKernel_ReduceScatter_Sum_f32_RING_LL(ncclDevKernelArgsStorage<4096ul>)	_reduce_scatter_base	54534144	mesh_dp_shard	[1, 5]	Float
14	DP	6927313980277914	6927314095250229	114972315	ncclDevKernel_ReduceScatter_Sum_f32_RING_LL(ncclDevKernelArgsStorage<4096ul>)	_reduce_scatter_base	54534144	mesh_dp_shard	[1, 5]	Float
14	DP	6927314095615026	6927314210004912	114389886	ncclDevKernel_ReduceScatter_Sum_f32_RING_LL(ncclDevKernelArgsStorage<4096ul>)	_reduce_scatter_base	54534144	mesh_dp_shard	[1, 5]	Float
14	DP	6927314210356430	6927314322652954	112296524	ncclDevKernel_ReduceScatter_Sum_f32_RING_LL(ncclDevKernelArgsStorage<4096ul>)	_reduce_scatter_base	54534144	mesh_dp_shard	[1, 5]	Float
14	DP	6927314323000568	6927314423971185	100970617	ncclDevKernel_ReduceScatter_Sum_f32_RING_LL(ncclDevKernelArgsStorage<4096ul>)	_reduce_scatter_base	54534144	mesh_dp_shard	[1, 5]	Float
14	DP	6927314434436042	6927314434512010	75968	ncclDevKernel_AllReduce_Sum_f32_RING_LL(ncclDevKernelArgsStorage<4096ul>)	allreduce	1	mesh_dp_shard	[1, 5]	Float
14	PP	6927314435290660	6927314435310468	19808	ncclDevKernel_AllReduce_Sum_f32_RING_LL(ncclDevKernelArgsStorage<4096ul>)	allreduce	1	mesh_pp	[5, 13]	Float
15	DP	6927314468751267	6927314614832460	146081193	ncclDevKernel_AllGather_RING_LL(ncclDevKernelArgsStorage<4096ul>)	_allgather_base	65667072	mesh_dp_shard	[1, 5]	BFloat16
15	DP	6927314614835148	6927314676626060	61790912	ncclDevKernel_AllGather_RING_LL(ncclDevKernelArgsStorage<4096ul>)	_allgather_base	27267072	mesh_dp_shard	[1, 5]	BFloat16
15	DP	6927314676630284	6927314754762655	78132371	ncclDevKernel_AllGather_RING_LL(ncclDevKernelArgsStorage<4096ul>)	_allgather_base	27267072	mesh_dp_shard	[1, 5]	BFloat16
15	DP	6927314754766943	6927314841186329	86419386	ncclDevKernel_AllGather_RING_LL(ncclDevKernelArgsStorage<4096ul>)	_allgather_base	27267072	mesh_dp_shard	[1, 5]	BFloat16
15	DP	6927314841190457	6927314925669377	84478920	ncclDevKernel_AllGather_RING_LL(ncclDevKernelArgsStorage<4096ul>)	_allgather_base	27267072	mesh_dp_shard	[1, 5]	BFloat16
15	DP	6927314925673409	6927315009561068	83887659	ncclDevKernel_AllGather_RING_LL(ncclDevKernelArgsStorage<4096ul>)	_allgather_base	27267072	mesh_dp_shard	[1, 5]	BFloat16
15	DP	6927315009563692	6927315094792751	85229059	ncclDevKernel_AllGather_RING_LL(ncclDevKernelArgsStorage<4096ul>)	_allgather_base	27267072	mesh_dp_shard	[1, 5]	BFloat16
15	DP	6927315094794862	6927315176916646	82121784	ncclDevKernel_AllGather_RING_LL(ncclDevKernelArgsStorage<4096ul>)	_allgather_base	27267072	mesh_dp_shard	[1, 5]	BFloat16
15	DP	6927315176918566	6927315258547489	81628923	ncclDevKernel_AllGather_RING_LL(ncclDevKernelArgsStorage<4096ul>)	_allgather_base	27267072	mesh_dp_shard	[1, 5]	BFloat16
15	DP	6927315258549697	6927315342661451	84111754	ncclDevKernel_AllGather_RING_LL(ncclDevKernelArgsStorage<4096ul>)	_allgather_base	27267072	mesh_dp_shard	[1, 5]	BFloat16
15	DP	6927315342665707	6927315428249963	85584256	ncclDevKernel_AllGather_RING_LL(ncclDevKernelArgsStorage<4096ul>)	_allgather_base	27267072	mesh_dp_shard	[1, 5]	BFloat16
15	DP	6927315428254731	6927315509839622	81584891	ncclDevKernel_AllGather_RING_LL(ncclDevKernelArgsStorage<4096ul>)	_allgather_base	27267072	mesh_dp_shard	[1, 5]	BFloat16
15	DP	6927315509844709	6927315589488398	79643689	ncclDevKernel_AllGather_RING_LL(ncclDevKernelArgsStorage<4096ul>)	_allgather_base	27267072	mesh_dp_shard	[1, 5]	BFloat16
15	DP	6927315589493102	6927315670251310	80758208	ncclDevKernel_AllGather_RING_LL(ncclDevKernelArgsStorage<4096ul>)	_allgather_base	27267072	mesh_dp_shard	[1, 5]	BFloat16
15	DP	6927315670253454	6927315751023790	80770336	ncclDevKernel_AllGather_RING_LL(ncclDevKernelArgsStorage<4096ul>)	_allgather_base	27267072	mesh_dp_shard	[1, 5]	BFloat16
15	DP	6927315751026511	6927315833254693	82228182	ncclDevKernel_AllGather_RING_LL(ncclDevKernelArgsStorage<4096ul>)	_allgather_base	27267072	mesh_dp_shard	[1, 5]	BFloat16
15	DP	6927315833257349	6927315908671018	75413669	ncclDevKernel_AllGather_RING_LL(ncclDevKernelArgsStorage<4096ul>)	_allgather_base	27267072	mesh_dp_shard	[1, 5]	BFloat16
15	PP	6927315954146232	6927315964914223	10767991	ncclDevKernel_SendRecv(ncclDevKernelArgsStorage<4096ul>)	NULL	NULL	NULL	NULL	NULL
15	PP	6927316700080151	6927318582435193	1882355042	ncclDevKernel_SendRecv(ncclDevKernelArgsStorage<4096ul>)	NULL	NULL	NULL	NULL	NULL
15	PP	6927319799029261	6927323161617668	3362588407	ncclDevKernel_SendRecv(ncclDevKernelArgsStorage<4096ul>)	NULL	NULL	NULL	NULL	NULL
15	DP	6927324560025950	6927324834537797	274511847	ncclDevKernel_ReduceScatter_Sum_f32_RING_LL(ncclDevKernelArgsStorage<4096ul>)	_reduce_scatter_base	131334144	mesh_dp_shard	[1, 5]	Float
15	DP	6927324834901603	6927324948187861	113286258	ncclDevKernel_ReduceScatter_Sum_f32_RING_LL(ncclDevKernelArgsStorage<4096ul>)	_reduce_scatter_base	54534144	mesh_dp_shard	[1, 5]	Float
15	DP	6927324948547539	6927325065069200	116521661	ncclDevKernel_ReduceScatter_Sum_f32_RING_LL(ncclDevKernelArgsStorage<4096ul>)	_reduce_scatter_base	54534144	mesh_dp_shard	[1, 5]	Float
15	DP	6927325065432557	6927325179041022	113608465	ncclDevKernel_ReduceScatter_Sum_f32_RING_LL(ncclDevKernelArgsStorage<4096ul>)	_reduce_scatter_base	54534144	mesh_dp_shard	[1, 5]	Float
15	DP	6927325179398395	6927325296566964	117168569	ncclDevKernel_ReduceScatter_Sum_f32_RING_LL(ncclDevKernelArgsStorage<4096ul>)	_reduce_scatter_base	54534144	mesh_dp_shard	[1, 5]	Float
15	DP	6927325296930738	6927325410132804	113202066	ncclDevKernel_ReduceScatter_Sum_f32_RING_LL(ncclDevKernelArgsStorage<4096ul>)	_reduce_scatter_base	54534144	mesh_dp_shard	[1, 5]	Float
15	DP	6927325410486530	6927325526508546	116022016	ncclDevKernel_ReduceScatter_Sum_f32_RING_LL(ncclDevKernelArgsStorage<4096ul>)	_reduce_scatter_base	54534144	mesh_dp_shard	[1, 5]	Float
15	DP	6927325526879808	6927325641768040	114888232	ncclDevKernel_ReduceScatter_Sum_f32_RING_LL(ncclDevKernelArgsStorage<4096ul>)	_reduce_scatter_base	54534144	mesh_dp_shard	[1, 5]	Float
15	DP	6927325642129094	6927325758805698	116676604	ncclDevKernel_ReduceScatter_Sum_f32_RING_LL(ncclDevKernelArgsStorage<4096ul>)	_reduce_scatter_base	54534144	mesh_dp_shard	[1, 5]	Float
15	DP	6927325759175679	6927325876833300	117657621	ncclDevKernel_ReduceScatter_Sum_f32_RING_LL(ncclDevKernelArgsStorage<4096ul>)	_reduce_scatter_base	54534144	mesh_dp_shard	[1, 5]	Float
15	DP	6927325877197202	6927325993587248	116390046	ncclDevKernel_ReduceScatter_Sum_f32_RING_LL(ncclDevKernelArgsStorage<4096ul>)	_reduce_scatter_base	54534144	mesh_dp_shard	[1, 5]	Float
15	DP	6927325993955053	6927326111081511	117126458	ncclDevKernel_ReduceScatter_Sum_f32_RING_LL(ncclDevKernelArgsStorage<4096ul>)	_reduce_scatter_base	54534144	mesh_dp_shard	[1, 5]	Float
15	DP	6927326111436452	6927326227138503	115702051	ncclDevKernel_ReduceScatter_Sum_f32_RING_LL(ncclDevKernelArgsStorage<4096ul>)	_reduce_scatter_base	54534144	mesh_dp_shard	[1, 5]	Float
15	DP	6927326227507364	6927326346484945	118977581	ncclDevKernel_ReduceScatter_Sum_f32_RING_LL(ncclDevKernelArgsStorage<4096ul>)	_reduce_scatter_base	54534144	mesh_dp_shard	[1, 5]	Float
15	DP	6927326346842895	6927326462436081	115593186	ncclDevKernel_ReduceScatter_Sum_f32_RING_LL(ncclDevKernelArgsStorage<4096ul>)	_reduce_scatter_base	54534144	mesh_dp_shard	[1, 5]	Float
15	DP	6927326462798927	6927326576231104	113432177	ncclDevKernel_ReduceScatter_Sum_f32_RING_LL(ncclDevKernelArgsStorage<4096ul>)	_reduce_scatter_base	54534144	mesh_dp_shard	[1, 5]	Float
15	DP	6927326576584606	6927326686081290	109496684	ncclDevKernel_ReduceScatter_Sum_f32_RING_LL(ncclDevKernelArgsStorage<4096ul>)	_reduce_scatter_base	54534144	mesh_dp_shard	[1, 5]	Float
15	DP	6927326696225127	6927326696306790	81663	ncclDevKernel_AllReduce_Sum_f32_RING_LL(ncclDevKernelArgsStorage<4096ul>)	allreduce	1	mesh_dp_shard	[1, 5]	Float
15	PP	6927326767432239	6927326767442063	9824	ncclDevKernel_AllReduce_Sum_f32_RING_LL(ncclDevKernelArgsStorage<4096ul>)	allreduce	1	mesh_pp	[5, 13]	Float
16	DP	6927326782995784	6927326924577408	141581624	ncclDevKernel_AllGather_RING_LL(ncclDevKernelArgsStorage<4096ul>)	_allgather_base	65667072	mesh_dp_shard	[1, 5]	BFloat16
16	DP	6927326924579679	6927326989302643	64722964	ncclDevKernel_AllGather_RING_LL(ncclDevKernelArgsStorage<4096ul>)	_allgather_base	27267072	mesh_dp_shard	[1, 5]	BFloat16
16	DP	6927326989306259	6927327064031333	74725074	ncclDevKernel_AllGather_RING_LL(ncclDevKernelArgsStorage<4096ul>)	_allgather_base	27267072	mesh_dp_shard	[1, 5]	BFloat16
16	DP	6927327064044357	6927327152335805	88291448	ncclDevKernel_AllGather_RING_LL(ncclDevKernelArgsStorage<4096ul>)	_allgather_base	27267072	mesh_dp_shard	[1, 5]	BFloat16
16	DP	6927327152338972	6927327238647425	86308453	ncclDevKernel_AllGather_RING_LL(ncclDevKernelArgsStorage<4096ul>)	_allgather_base	27267072	mesh_dp_shard	[1, 5]	BFloat16
16	DP	6927327238650689	6927327322868212	84217523	ncclDevKernel_AllGather_RING_LL(ncclDevKernelArgsStorage<4096ul>)	_allgather_base	27267072	mesh_dp_shard	[1, 5]	BFloat16
16	DP	6927327322876180	6927327407132039	84255859	ncclDevKernel_AllGather_RING_LL(ncclDevKernelArgsStorage<4096ul>)	_allgather_base	27267072	mesh_dp_shard	[1, 5]	BFloat16
16	DP	6927327407133414	6927327488648043	81514629	ncclDevKernel_AllGather_RING_LL(ncclDevKernelArgsStorage<4096ul>)	_allgather_base	27267072	mesh_dp_shard	[1, 5]	BFloat16
16	DP	6927327488650827	6927327570637805	81986978	ncclDevKernel_AllGather_RING_LL(ncclDevKernelArgsStorage<4096ul>)	_allgather_base	27267072	mesh_dp_shard	[1, 5]	BFloat16
16	DP	6927327570643692	6927327652880141	82236449	ncclDevKernel_AllGather_RING_LL(ncclDevKernelArgsStorage<4096ul>)	_allgather_base	27267072	mesh_dp_shard	[1, 5]	BFloat16
16	DP	6927327652883724	6927327734567120	81683396	ncclDevKernel_AllGather_RING_LL(ncclDevKernelArgsStorage<4096ul>)	_allgather_base	27267072	mesh_dp_shard	[1, 5]	BFloat16
16	DP	6927327734570960	6927327812617291	78046331	ncclDevKernel_AllGather_RING_LL(ncclDevKernelArgsStorage<4096ul>)	_allgather_base	27267072	mesh_dp_shard	[1, 5]	BFloat16
16	DP	6927327812634987	6927327894430830	81795843	ncclDevKernel_AllGather_RING_LL(ncclDevKernelArgsStorage<4096ul>)	_allgather_base	27267072	mesh_dp_shard	[1, 5]	BFloat16
16	DP	6927327894453070	6927327977197386	82744316	ncclDevKernel_AllGather_RING_LL(ncclDevKernelArgsStorage<4096ul>)	_allgather_base	27267072	mesh_dp_shard	[1, 5]	BFloat16
16	DP	6927327977222154	6927328060043814	82821660	ncclDevKernel_AllGather_RING_LL(ncclDevKernelArgsStorage<4096ul>)	_allgather_base	27267072	mesh_dp_shard	[1, 5]	BFloat16
16	DP	6927328060062950	6927328142484261	82421311	ncclDevKernel_AllGather_RING_LL(ncclDevKernelArgsStorage<4096ul>)	_allgather_base	27267072	mesh_dp_shard	[1, 5]	BFloat16
16	DP	6927328142492485	6927328222630578	80138093	ncclDevKernel_AllGather_RING_LL(ncclDevKernelArgsStorage<4096ul>)	_allgather_base	27267072	mesh_dp_shard	[1, 5]	BFloat16
16	PP	6927328299085656	6927328308485434	9399778	ncclDevKernel_SendRecv(ncclDevKernelArgsStorage<4096ul>)	NULL	NULL	NULL	NULL	NULL
16	PP	6927329049002106	6927330943122913	1894120807	ncclDevKernel_SendRecv(ncclDevKernelArgsStorage<4096ul>)	NULL	NULL	NULL	NULL	NULL
16	PP	6927332161650407	6927335829912132	3668261725	ncclDevKernel_SendRecv(ncclDevKernelArgsStorage<4096ul>)	NULL	NULL	NULL	NULL	NULL
16	DP	6927337186547775	6927337457696195	271148420	ncclDevKernel_ReduceScatter_Sum_f32_RING_LL(ncclDevKernelArgsStorage<4096ul>)	_reduce_scatter_base	131334144	mesh_dp_shard	[1, 5]	Float
16	DP	6927337458058497	6927337574858719	116800222	ncclDevKernel_ReduceScatter_Sum_f32_RING_LL(ncclDevKernelArgsStorage<4096ul>)	_reduce_scatter_base	54534144	mesh_dp_shard	[1, 5]	Float
16	DP	6927337575216253	6927337688176628	112960375	ncclDevKernel_ReduceScatter_Sum_f32_RING_LL(ncclDevKernelArgsStorage<4096ul>)	_reduce_scatter_base	54534144	mesh_dp_shard	[1, 5]	Float
16	DP	6927337688536050	6927337804190583	115654533	ncclDevKernel_ReduceScatter_Sum_f32_RING_LL(ncclDevKernelArgsStorage<4096ul>)	_reduce_scatter_base	54534144	mesh_dp_shard	[1, 5]	Float
16	DP	6927337804546101	6927337921871120	117325019	ncclDevKernel_ReduceScatter_Sum_f32_RING_LL(ncclDevKernelArgsStorage<4096ul>)	_reduce_scatter_base	54534144	mesh_dp_shard	[1, 5]	Float
16	DP	6927337922234573	6927338037874515	115639942	ncclDevKernel_ReduceScatter_Sum_f32_RING_LL(ncclDevKernelArgsStorage<4096ul>)	_reduce_scatter_base	54534144	mesh_dp_shard	[1, 5]	Float
16	DP	6927338038227281	6927338152048738	113821457	ncclDevKernel_ReduceScatter_Sum_f32_RING_LL(ncclDevKernelArgsStorage<4096ul>)	_reduce_scatter_base	54534144	mesh_dp_shard	[1, 5]	Float
16	DP	6927338152410592	6927338267933031	115522439	ncclDevKernel_ReduceScatter_Sum_f32_RING_LL(ncclDevKernelArgsStorage<4096ul>)	_reduce_scatter_base	54534144	mesh_dp_shard	[1, 5]	Float
16	DP	6927338268295652	6927338383675755	115380103	ncclDevKernel_ReduceScatter_Sum_f32_RING_LL(ncclDevKernelArgsStorage<4096ul>)	_reduce_scatter_base	54534144	mesh_dp_shard	[1, 5]	Float
16	DP	6927338384030697	6927338501458147	117427450	ncclDevKernel_ReduceScatter_Sum_f32_RING_LL(ncclDevKernelArgsStorage<4096ul>)	_reduce_scatter_base	54534144	mesh_dp_shard	[1, 5]	Float
16	DP	6927338501814209	6927338617136329	115322120	ncclDevKernel_ReduceScatter_Sum_f32_RING_LL(ncclDevKernelArgsStorage<4096ul>)	_reduce_scatter_base	54534144	mesh_dp_shard	[1, 5]	Float
16	DP	6927338617499718	6927338734599906	117100188	ncclDevKernel_ReduceScatter_Sum_f32_RING_LL(ncclDevKernelArgsStorage<4096ul>)	_reduce_scatter_base	54534144	mesh_dp_shard	[1, 5]	Float
16	DP	6927338734966496	6927338856615806	121649310	ncclDevKernel_ReduceScatter_Sum_f32_RING_LL(ncclDevKernelArgsStorage<4096ul>)	_reduce_scatter_base	54534144	mesh_dp_shard	[1, 5]	Float
16	DP	6927338856976508	6927338973777690	116801182	ncclDevKernel_ReduceScatter_Sum_f32_RING_LL(ncclDevKernelArgsStorage<4096ul>)	_reduce_scatter_base	54534144	mesh_dp_shard	[1, 5]	Float
16	DP	6927338974153431	6927339088622245	114468814	ncclDevKernel_ReduceScatter_Sum_f32_RING_LL(ncclDevKernelArgsStorage<4096ul>)	_reduce_scatter_base	54534144	mesh_dp_shard	[1, 5]	Float
16	DP	6927339088983042	6927339201374686	112391644	ncclDevKernel_ReduceScatter_Sum_f32_RING_LL(ncclDevKernelArgsStorage<4096ul>)	_reduce_scatter_base	54534144	mesh_dp_shard	[1, 5]	Float
16	DP	6927339201722555	6927339322495039	120772484	ncclDevKernel_ReduceScatter_Sum_f32_RING_LL(ncclDevKernelArgsStorage<4096ul>)	_reduce_scatter_base	54534144	mesh_dp_shard	[1, 5]	Float
16	DP	6927339334953549	6927339335032396	78847	ncclDevKernel_AllReduce_Sum_f32_RING_LL(ncclDevKernelArgsStorage<4096ul>)	allreduce	1	mesh_dp_shard	[1, 5]	Float
16	PP	6927339335881767	6927339335901639	19872	ncclDevKernel_AllReduce_Sum_f32_RING_LL(ncclDevKernelArgsStorage<4096ul>)	allreduce	1	mesh_pp	[5, 13]	Float
17	DP	6927339384030186	6927339523913362	139883176	ncclDevKernel_AllGather_RING_LL(ncclDevKernelArgsStorage<4096ul>)	_allgather_base	65667072	mesh_dp_shard	[1, 5]	BFloat16
17	DP	6927339523915954	6927339586121112	62205158	ncclDevKernel_AllGather_RING_LL(ncclDevKernelArgsStorage<4096ul>)	_allgather_base	27267072	mesh_dp_shard	[1, 5]	BFloat16
17	DP	6927339586122520	6927339658436444	72313924	ncclDevKernel_AllGather_RING_LL(ncclDevKernelArgsStorage<4096ul>)	_allgather_base	27267072	mesh_dp_shard	[1, 5]	BFloat16
17	DP	6927339658438877	6927339740840862	82401985	ncclDevKernel_AllGather_RING_LL(ncclDevKernelArgsStorage<4096ul>)	_allgather_base	27267072	mesh_dp_shard	[1, 5]	BFloat16
17	DP	6927339740843006	6927339824908309	84065303	ncclDevKernel_AllGather_RING_LL(ncclDevKernelArgsStorage<4096ul>)	_allgather_base	27267072	mesh_dp_shard	[1, 5]	BFloat16
17	DP	6927339824911317	6927339906825402	81914085	ncclDevKernel_AllGather_RING_LL(ncclDevKernelArgsStorage<4096ul>)	_allgather_base	27267072	mesh_dp_shard	[1, 5]	BFloat16
17	DP	6927339906827354	6927339990915857	84088503	ncclDevKernel_AllGather_RING_LL(ncclDevKernelArgsStorage<4096ul>)	_allgather_base	27267072	mesh_dp_shard	[1, 5]	BFloat16
17	DP	6927339990918321	6927340074226445	83308124	ncclDevKernel_AllGather_RING_LL(ncclDevKernelArgsStorage<4096ul>)	_allgather_base	27267072	mesh_dp_shard	[1, 5]	BFloat16
17	DP	6927340074230669	6927340158917056	84686387	ncclDevKernel_AllGather_RING_LL(ncclDevKernelArgsStorage<4096ul>)	_allgather_base	27267072	mesh_dp_shard	[1, 5]	BFloat16
17	DP	6927340158921952	6927340243461683	84539731	ncclDevKernel_AllGather_RING_LL(ncclDevKernelArgsStorage<4096ul>)	_allgather_base	27267072	mesh_dp_shard	[1, 5]	BFloat16
17	DP	6927340243466099	6927340328154214	84688115	ncclDevKernel_AllGather_RING_LL(ncclDevKernelArgsStorage<4096ul>)	_allgather_base	27267072	mesh_dp_shard	[1, 5]	BFloat16
17	DP	6927340328157670	6927340413949266	85791596	ncclDevKernel_AllGather_RING_LL(ncclDevKernelArgsStorage<4096ul>)	_allgather_base	27267072	mesh_dp_shard	[1, 5]	BFloat16
17	DP	6927340413952498	6927340498833315	84880817	ncclDevKernel_AllGather_RING_LL(ncclDevKernelArgsStorage<4096ul>)	_allgather_base	27267072	mesh_dp_shard	[1, 5]	BFloat16
17	DP	6927340498836835	6927340585509417	86672582	ncclDevKernel_AllGather_RING_LL(ncclDevKernelArgsStorage<4096ul>)	_allgather_base	27267072	mesh_dp_shard	[1, 5]	BFloat16
17	DP	6927340585513129	6927340672342862	86829733	ncclDevKernel_AllGather_RING_LL(ncclDevKernelArgsStorage<4096ul>)	_allgather_base	27267072	mesh_dp_shard	[1, 5]	BFloat16
17	DP	6927340672345261	6927340758949620	86604359	ncclDevKernel_AllGather_RING_LL(ncclDevKernelArgsStorage<4096ul>)	_allgather_base	27267072	mesh_dp_shard	[1, 5]	BFloat16
17	DP	6927340758954164	6927340841079383	82125219	ncclDevKernel_AllGather_RING_LL(ncclDevKernelArgsStorage<4096ul>)	_allgather_base	27267072	mesh_dp_shard	[1, 5]	BFloat16
17	PP	6927340886454637	6927340895398002	8943365	ncclDevKernel_SendRecv(ncclDevKernelArgsStorage<4096ul>)	NULL	NULL	NULL	NULL	NULL
17	PP	6927341630289902	6927343516796562	1886506660	ncclDevKernel_SendRecv(ncclDevKernelArgsStorage<4096ul>)	NULL	NULL	NULL	NULL	NULL
17	PP	6927344734158629	6927348386410483	3652251854	ncclDevKernel_SendRecv(ncclDevKernelArgsStorage<4096ul>)	NULL	NULL	NULL	NULL	NULL
17	DP	6927349765117363	6927350034840641	269723278	ncclDevKernel_ReduceScatter_Sum_f32_RING_LL(ncclDevKernelArgsStorage<4096ul>)	_reduce_scatter_base	131334144	mesh_dp_shard	[1, 5]	Float
17	DP	6927350035212511	6927350147262172	112049661	ncclDevKernel_ReduceScatter_Sum_f32_RING_LL(ncclDevKernelArgsStorage<4096ul>)	_reduce_scatter_base	54534144	mesh_dp_shard	[1, 5]	Float
17	DP	6927350147615001	6927350260516177	112901176	ncclDevKernel_ReduceScatter_Sum_f32_RING_LL(ncclDevKernelArgsStorage<4096ul>)	_reduce_scatter_base	54534144	mesh_dp_shard	[1, 5]	Float
17	DP	6927350260876207	6927350373109483	112233276	ncclDevKernel_ReduceScatter_Sum_f32_RING_LL(ncclDevKernelArgsStorage<4096ul>)	_reduce_scatter_base	54534144	mesh_dp_shard	[1, 5]	Float
17	DP	6927350373467145	6927350485062569	111595424	ncclDevKernel_ReduceScatter_Sum_f32_RING_LL(ncclDevKernelArgsStorage<4096ul>)	_reduce_scatter_base	54534144	mesh_dp_shard	[1, 5]	Float
17	DP	6927350485436391	6927350595729712	110293321	ncclDevKernel_ReduceScatter_Sum_f32_RING_LL(ncclDevKernelArgsStorage<4096ul>)	_reduce_scatter_base	54534144	mesh_dp_shard	[1, 5]	Float
17	DP	6927350596101741	6927350710108510	114006769	ncclDevKernel_ReduceScatter_Sum_f32_RING_LL(ncclDevKernelArgsStorage<4096ul>)	_reduce_scatter_base	54534144	mesh_dp_shard	[1, 5]	Float
17	DP	6927350710483707	6927350822493273	112009566	ncclDevKernel_ReduceScatter_Sum_f32_RING_LL(ncclDevKernelArgsStorage<4096ul>)	_reduce_scatter_base	54534144	mesh_dp_shard	[1, 5]	Float
17	DP	6927350822851031	6927350934783349	111932318	ncclDevKernel_ReduceScatter_Sum_f32_RING_LL(ncclDevKernelArgsStorage<4096ul>)	_reduce_scatter_base	54534144	mesh_dp_shard	[1, 5]	Float
17	DP	6927350935140402	6927351047632909	112492507	ncclDevKernel_ReduceScatter_Sum_f32_RING_LL(ncclDevKernelArgsStorage<4096ul>)	_reduce_scatter_base	54534144	mesh_dp_shard	[1, 5]	Float
17	DP	6927351048004554	6927351161032161	113027607	ncclDevKernel_ReduceScatter_Sum_f32_RING_LL(ncclDevKernelArgsStorage<4096ul>)	_reduce_scatter_base	54534144	mesh_dp_shard	[1, 5]	Float
17	DP	6927351161398559	6927351273383389	111984830	ncclDevKernel_ReduceScatter_Sum_f32_RING_LL(ncclDevKernelArgsStorage<4096ul>)	_reduce_scatter_base	54534144	mesh_dp_shard	[1, 5]	Float
17	DP	6927351273737818	6927351385580665	111842847	ncclDevKernel_ReduceScatter_Sum_f32_RING_LL(ncclDevKernelArgsStorage<4096ul>)	_reduce_scatter_base	54534144	mesh_dp_shard	[1, 5]	Float
17	DP	6927351385939511	6927351497502679	111563168	ncclDevKernel_ReduceScatter_Sum_f32_RING_LL(ncclDevKernelArgsStorage<4096ul>)	_reduce_scatter_base	54534144	mesh_dp_shard	[1, 5]	Float
17	DP	6927351497866389	6927351611211114	113344725	ncclDevKernel_ReduceScatter_Sum_f32_RING_LL(ncclDevKernelArgsStorage<4096ul>)	_reduce_scatter_base	54534144	mesh_dp_shard	[1, 5]	Float
17	DP	6927351611569863	6927351721235957	109666094	ncclDevKernel_ReduceScatter_Sum_f32_RING_LL(ncclDevKernelArgsStorage<4096ul>)	_reduce_scatter_base	54534144	mesh_dp_shard	[1, 5]	Float
17	DP	6927351721591922	6927351828683632	107091710	ncclDevKernel_ReduceScatter_Sum_f32_RING_LL(ncclDevKernelArgsStorage<4096ul>)	_reduce_scatter_base	54534144	mesh_dp_shard	[1, 5]	Float
17	DP	6927351839243888	6927351839325520	81632	ncclDevKernel_AllReduce_Sum_f32_RING_LL(ncclDevKernelArgsStorage<4096ul>)	allreduce	1	mesh_dp_shard	[1, 5]	Float
17	PP	6927351840089579	6927351840122826	33247	ncclDevKernel_AllReduce_Sum_f32_RING_LL(ncclDevKernelArgsStorage<4096ul>)	allreduce	1	mesh_pp	[5, 13]	Float
18	DP	6927351878153392	6927352019312335	141158943	ncclDevKernel_AllGather_RING_LL(ncclDevKernelArgsStorage<4096ul>)	_allgather_base	65667072	mesh_dp_shard	[1, 5]	BFloat16
18	DP	6927352019315599	6927352080325438	61009839	ncclDevKernel_AllGather_RING_LL(ncclDevKernelArgsStorage<4096ul>)	_allgather_base	27267072	mesh_dp_shard	[1, 5]	BFloat16
18	DP	6927352080327710	6927352152146821	71819111	ncclDevKernel_AllGather_RING_LL(ncclDevKernelArgsStorage<4096ul>)	_allgather_base	27267072	mesh_dp_shard	[1, 5]	BFloat16
18	DP	6927352152148677	6927352234546151	82397474	ncclDevKernel_AllGather_RING_LL(ncclDevKernelArgsStorage<4096ul>)	_allgather_base	27267072	mesh_dp_shard	[1, 5]	BFloat16
18	DP	6927352234548263	6927352317554693	83006430	ncclDevKernel_AllGather_RING_LL(ncclDevKernelArgsStorage<4096ul>)	_allgather_base	27267072	mesh_dp_shard	[1, 5]	BFloat16
18	DP	6927352317556997	6927352398659439	81102442	ncclDevKernel_AllGather_RING_LL(ncclDevKernelArgsStorage<4096ul>)	_allgather_base	27267072	mesh_dp_shard	[1, 5]	BFloat16
18	DP	6927352398662991	6927352479256349	80593358	ncclDevKernel_AllGather_RING_LL(ncclDevKernelArgsStorage<4096ul>)	_allgather_base	27267072	mesh_dp_shard	[1, 5]	BFloat16
18	DP	6927352479259772	6927352560363271	81103499	ncclDevKernel_AllGather_RING_LL(ncclDevKernelArgsStorage<4096ul>)	_allgather_base	27267072	mesh_dp_shard	[1, 5]	BFloat16
18	DP	6927352560368039	6927352641841646	81473607	ncclDevKernel_AllGather_RING_LL(ncclDevKernelArgsStorage<4096ul>)	_allgather_base	27267072	mesh_dp_shard	[1, 5]	BFloat16
18	DP	6927352641846191	6927352723772659	81926468	ncclDevKernel_AllGather_RING_LL(ncclDevKernelArgsStorage<4096ul>)	_allgather_base	27267072	mesh_dp_shard	[1, 5]	BFloat16
18	DP	6927352723776756	6927352812414284	88637528	ncclDevKernel_AllGather_RING_LL(ncclDevKernelArgsStorage<4096ul>)	_allgather_base	27267072	mesh_dp_shard	[1, 5]	BFloat16
18	DP	6927352812418188	6927352899357648	86939460	ncclDevKernel_AllGather_RING_LL(ncclDevKernelArgsStorage<4096ul>)	_allgather_base	27267072	mesh_dp_shard	[1, 5]	BFloat16
18	DP	6927352899361328	6927352986890576	87529248	ncclDevKernel_AllGather_RING_LL(ncclDevKernelArgsStorage<4096ul>)	_allgather_base	27267072	mesh_dp_shard	[1, 5]	BFloat16
18	DP	6927352986892272	6927353070907303	84015031	ncclDevKernel_AllGather_RING_LL(ncclDevKernelArgsStorage<4096ul>)	_allgather_base	27267072	mesh_dp_shard	[1, 5]	BFloat16
18	DP	6927353070909991	6927353156477204	85567213	ncclDevKernel_AllGather_RING_LL(ncclDevKernelArgsStorage<4096ul>)	_allgather_base	27267072	mesh_dp_shard	[1, 5]	BFloat16
18	DP	6927353156482388	6927353240498219	84015831	ncclDevKernel_AllGather_RING_LL(ncclDevKernelArgsStorage<4096ul>)	_allgather_base	27267072	mesh_dp_shard	[1, 5]	BFloat16
18	DP	6927353240502283	6927353322844781	82342498	ncclDevKernel_AllGather_RING_LL(ncclDevKernelArgsStorage<4096ul>)	_allgather_base	27267072	mesh_dp_shard	[1, 5]	BFloat16
18	PP	6927353368246275	6927353378406015	10159740	ncclDevKernel_SendRecv(ncclDevKernelArgsStorage<4096ul>)	NULL	NULL	NULL	NULL	NULL
18	PP	6927354113886392	6927356010868532	1896982140	ncclDevKernel_SendRecv(ncclDevKernelArgsStorage<4096ul>)	NULL	NULL	NULL	NULL	NULL
18	PP	6927357227780557	6927360738755802	3510975245	ncclDevKernel_SendRecv(ncclDevKernelArgsStorage<4096ul>)	NULL	NULL	NULL	NULL	NULL
18	DP	6927361997534539	6927362268458065	270923526	ncclDevKernel_ReduceScatter_Sum_f32_RING_LL(ncclDevKernelArgsStorage<4096ul>)	_reduce_scatter_base	131334144	mesh_dp_shard	[1, 5]	Float
18	DP	6927362268820910	6927362380683116	111862206	ncclDevKernel_ReduceScatter_Sum_f32_RING_LL(ncclDevKernelArgsStorage<4096ul>)	_reduce_scatter_base	54534144	mesh_dp_shard	[1, 5]	Float
18	DP	6927362381049194	6927362493527268	112478074	ncclDevKernel_ReduceScatter_Sum_f32_RING_LL(ncclDevKernelArgsStorage<4096ul>)	_reduce_scatter_base	54534144	mesh_dp_shard	[1, 5]	Float
18	DP	6927362493891330	6927362605552769	111661439	ncclDevKernel_ReduceScatter_Sum_f32_RING_LL(ncclDevKernelArgsStorage<4096ul>)	_reduce_scatter_base	54534144	mesh_dp_shard	[1, 5]	Float
18	DP	6927362605913471	6927362718857942	112944471	ncclDevKernel_ReduceScatter_Sum_f32_RING_LL(ncclDevKernelArgsStorage<4096ul>)	_reduce_scatter_base	54534144	mesh_dp_shard	[1, 5]	Float
18	DP	6927362719223027	6927362829915322	110692295	ncclDevKernel_ReduceScatter_Sum_f32_RING_LL(ncclDevKernelArgsStorage<4096ul>)	_reduce_scatter_base	54534144	mesh_dp_shard	[1, 5]	Float
18	DP	6927362830272823	6927362943078223	112805400	ncclDevKernel_ReduceScatter_Sum_f32_RING_LL(ncclDevKernelArgsStorage<4096ul>)	_reduce_scatter_base	54534144	mesh_dp_shard	[1, 5]	Float
18	DP	6927362943435373	6927363053140889	109705516	ncclDevKernel_ReduceScatter_Sum_f32_RING_LL(ncclDevKernelArgsStorage<4096ul>)	_reduce_scatter_base	54534144	mesh_dp_shard	[1, 5]	Float
18	DP	6927363053512887	6927363166020433	112507546	ncclDevKernel_ReduceScatter_Sum_f32_RING_LL(ncclDevKernelArgsStorage<4096ul>)	_reduce_scatter_base	54534144	mesh_dp_shard	[1, 5]	Float
18	DP	6927363166371662	6927363278842536	112470874	ncclDevKernel_ReduceScatter_Sum_f32_RING_LL(ncclDevKernelArgsStorage<4096ul>)	_reduce_scatter_base	54534144	mesh_dp_shard	[1, 5]	Float
18	DP	6927363279200614	6927363393791187	114590573	ncclDevKernel_ReduceScatter_Sum_f32_RING_LL(ncclDevKernelArgsStorage<4096ul>)	_reduce_scatter_base	54534144	mesh_dp_shard	[1, 5]	Float
18	DP	6927363394153168	6927363505031541	110878373	ncclDevKernel_ReduceScatter_Sum_f32_RING_LL(ncclDevKernelArgsStorage<4096ul>)	_reduce_scatter_base	54534144	mesh_dp_shard	[1, 5]	Float
18	DP	6927363505393523	6927363619128484	113734961	ncclDevKernel_ReduceScatter_Sum_f32_RING_LL(ncclDevKernelArgsStorage<4096ul>)	_reduce_scatter_base	54534144	mesh_dp_shard	[1, 5]	Float
18	DP	6927363619484354	6927363731799005	112314651	ncclDevKernel_ReduceScatter_Sum_f32_RING_LL(ncclDevKernelArgsStorage<4096ul>)	_reduce_scatter_base	54534144	mesh_dp_shard	[1, 5]	Float
18	DP	6927363732157243	6927363844084408	111927165	ncclDevKernel_ReduceScatter_Sum_f32_RING_LL(ncclDevKernelArgsStorage<4096ul>)	_reduce_scatter_base	54534144	mesh_dp_shard	[1, 5]	Float
18	DP	6927363844447254	6927363952101648	107654394	ncclDevKernel_ReduceScatter_Sum_f32_RING_LL(ncclDevKernelArgsStorage<4096ul>)	_reduce_scatter_base	54534144	mesh_dp_shard	[1, 5]	Float
18	DP	6927363952454670	6927364058448595	105993925	ncclDevKernel_ReduceScatter_Sum_f32_RING_LL(ncclDevKernelArgsStorage<4096ul>)	_reduce_scatter_base	54534144	mesh_dp_shard	[1, 5]	Float
18	DP	6927364068807599	6927364069927783	1120184	ncclDevKernel_AllReduce_Sum_f32_RING_LL(ncclDevKernelArgsStorage<4096ul>)	allreduce	1	mesh_dp_shard	[1, 5]	Float
18	PP	6927364069960071	6927364069969575	9504	ncclDevKernel_AllReduce_Sum_f32_RING_LL(ncclDevKernelArgsStorage<4096ul>)	allreduce	1	mesh_pp	[5, 13]	Float
19	DP	6927364107995570	6927364247468507	139472937	ncclDevKernel_AllGather_RING_LL(ncclDevKernelArgsStorage<4096ul>)	_allgather_base	65667072	mesh_dp_shard	[1, 5]	BFloat16
19	DP	6927364247471707	6927364308836615	61364908	ncclDevKernel_AllGather_RING_LL(ncclDevKernelArgsStorage<4096ul>)	_allgather_base	27267072	mesh_dp_shard	[1, 5]	BFloat16
19	DP	6927364308839527	6927364382897055	74057528	ncclDevKernel_AllGather_RING_LL(ncclDevKernelArgsStorage<4096ul>)	_allgather_base	27267072	mesh_dp_shard	[1, 5]	BFloat16
19	DP	6927364382900576	6927364454156650	71256074	ncclDevKernel_AllGather_RING_LL(ncclDevKernelArgsStorage<4096ul>)	_allgather_base	27267072	mesh_dp_shard	[1, 5]	BFloat16
19	DP	6927364454159882	6927364524248444	70088562	ncclDevKernel_AllGather_RING_LL(ncclDevKernelArgsStorage<4096ul>)	_allgather_base	27267072	mesh_dp_shard	[1, 5]	BFloat16
19	DP	6927364524250556	6927364590120522	65869966	ncclDevKernel_AllGather_RING_LL(ncclDevKernelArgsStorage<4096ul>)	_allgather_base	27267072	mesh_dp_shard	[1, 5]	BFloat16
19	DP	6927364590131434	6927364656010297	65878863	ncclDevKernel_AllGather_RING_LL(ncclDevKernelArgsStorage<4096ul>)	_allgather_base	27267072	mesh_dp_shard	[1, 5]	BFloat16
19	DP	6927364656016568	6927364721442409	65425841	ncclDevKernel_AllGather_RING_LL(ncclDevKernelArgsStorage<4096ul>)	_allgather_base	27267072	mesh_dp_shard	[1, 5]	BFloat16
19	DP	6927364721454377	6927364788699886	67245509	ncclDevKernel_AllGather_RING_LL(ncclDevKernelArgsStorage<4096ul>)	_allgather_base	27267072	mesh_dp_shard	[1, 5]	BFloat16
19	DP	6927364788705422	6927364856278897	67573475	ncclDevKernel_AllGather_RING_LL(ncclDevKernelArgsStorage<4096ul>)	_allgather_base	27267072	mesh_dp_shard	[1, 5]	BFloat16
19	DP	6927364856282417	6927364922176863	65894446	ncclDevKernel_AllGather_RING_LL(ncclDevKernelArgsStorage<4096ul>)	_allgather_base	27267072	mesh_dp_shard	[1, 5]	BFloat16
19	DP	6927364933676563	6927365015335802	81659239	ncclDevKernel_AllGather_RING_LL(ncclDevKernelArgsStorage<4096ul>)	_allgather_base	27267072	mesh_dp_shard	[1, 5]	BFloat16
19	DP	6927365015341817	6927365105381032	90039215	ncclDevKernel_AllGather_RING_LL(ncclDevKernelArgsStorage<4096ul>)	_allgather_base	27267072	mesh_dp_shard	[1, 5]	BFloat16
19	DP	6927365105382376	6927365190295513	84913137	ncclDevKernel_AllGather_RING_LL(ncclDevKernelArgsStorage<4096ul>)	_allgather_base	27267072	mesh_dp_shard	[1, 5]	BFloat16
19	DP	6927365190299993	6927365278011095	87711102	ncclDevKernel_AllGather_RING_LL(ncclDevKernelArgsStorage<4096ul>)	_allgather_base	27267072	mesh_dp_shard	[1, 5]	BFloat16
19	DP	6927365278015671	6927365366105075	88089404	ncclDevKernel_AllGather_RING_LL(ncclDevKernelArgsStorage<4096ul>)	_allgather_base	27267072	mesh_dp_shard	[1, 5]	BFloat16
19	DP	6927365366130419	6927365454618444	88488025	ncclDevKernel_AllGather_RING_LL(ncclDevKernelArgsStorage<4096ul>)	_allgather_base	27267072	mesh_dp_shard	[1, 5]	BFloat16
19	PP	6927365568188672	6927365578316317	10127645	ncclDevKernel_SendRecv(ncclDevKernelArgsStorage<4096ul>)	NULL	NULL	NULL	NULL	NULL
19	PP	6927366316388607	6927368229206279	1912817672	ncclDevKernel_SendRecv(ncclDevKernelArgsStorage<4096ul>)	NULL	NULL	NULL	NULL	NULL
19	PP	6927369447073050	6927372958212157	3511139107	ncclDevKernel_SendRecv(ncclDevKernelArgsStorage<4096ul>)	NULL	NULL	NULL	NULL	NULL
19	DP	6927374179491142	6927374446435397	266944255	ncclDevKernel_ReduceScatter_Sum_f32_RING_LL(ncclDevKernelArgsStorage<4096ul>)	_reduce_scatter_base	131334144	mesh_dp_shard	[1, 5]	Float
19	DP	6927374446801603	6927374555777812	108976209	ncclDevKernel_ReduceScatter_Sum_f32_RING_LL(ncclDevKernelArgsStorage<4096ul>)	_reduce_scatter_base	54534144	mesh_dp_shard	[1, 5]	Float
19	DP	6927374556143474	6927374667592691	111449217	ncclDevKernel_ReduceScatter_Sum_f32_RING_LL(ncclDevKernelArgsStorage<4096ul>)	_reduce_scatter_base	54534144	mesh_dp_shard	[1, 5]	Float
19	DP	6927374667953584	6927374777213760	109260176	ncclDevKernel_ReduceScatter_Sum_f32_RING_LL(ncclDevKernelArgsStorage<4096ul>)	_reduce_scatter_base	54534144	mesh_dp_shard	[1, 5]	Float
19	DP	6927374777572958	6927374890111640	112538682	ncclDevKernel_ReduceScatter_Sum_f32_RING_LL(ncclDevKernelArgsStorage<4096ul>)	_reduce_scatter_base	54534144	mesh_dp_shard	[1, 5]	Float
19	DP	6927374890481205	6927375002339699	111858494	ncclDevKernel_ReduceScatter_Sum_f32_RING_LL(ncclDevKernelArgsStorage<4096ul>)	_reduce_scatter_base	54534144	mesh_dp_shard	[1, 5]	Float
19	DP	6927375002695473	6927375113428311	110732838	ncclDevKernel_ReduceScatter_Sum_f32_RING_LL(ncclDevKernelArgsStorage<4096ul>)	_reduce_scatter_base	54534144	mesh_dp_shard	[1, 5]	Float
19	DP	6927375113787028	6927375222307721	108520693	ncclDevKernel_ReduceScatter_Sum_f32_RING_LL(ncclDevKernelArgsStorage<4096ul>)	_reduce_scatter_base	54534144	mesh_dp_shard	[1, 5]	Float
19	DP	6927375222665126	6927375335064417	112399291	ncclDevKernel_ReduceScatter_Sum_f32_RING_LL(ncclDevKernelArgsStorage<4096ul>)	_reduce_scatter_base	54534144	mesh_dp_shard	[1, 5]	Float
19	DP	6927375335425343	6927375446017573	110592230	ncclDevKernel_ReduceScatter_Sum_f32_RING_LL(ncclDevKernelArgsStorage<4096ul>)	_reduce_scatter_base	54534144	mesh_dp_shard	[1, 5]	Float
19	DP	6927375446378499	6927375559187131	112808632	ncclDevKernel_ReduceScatter_Sum_f32_RING_LL(ncclDevKernelArgsStorage<4096ul>)	_reduce_scatter_base	54534144	mesh_dp_shard	[1, 5]	Float
19	DP	6927375559545848	6927375669100486	109554638	ncclDevKernel_ReduceScatter_Sum_f32_RING_LL(ncclDevKernelArgsStorage<4096ul>)	_reduce_scatter_base	54534144	mesh_dp_shard	[1, 5]	Float
19	DP	6927375669452708	6927375782212764	112760056	ncclDevKernel_ReduceScatter_Sum_f32_RING_LL(ncclDevKernelArgsStorage<4096ul>)	_reduce_scatter_base	54534144	mesh_dp_shard	[1, 5]	Float
19	DP	6927375782572698	6927375892450533	109877835	ncclDevKernel_ReduceScatter_Sum_f32_RING_LL(ncclDevKernelArgsStorage<4096ul>)	_reduce_scatter_base	54534144	mesh_dp_shard	[1, 5]	Float
19	DP	6927375892812739	6927376004992319	112179580	ncclDevKernel_ReduceScatter_Sum_f32_RING_LL(ncclDevKernelArgsStorage<4096ul>)	_reduce_scatter_base	54534144	mesh_dp_shard	[1, 5]	Float
19	DP	6927376005356028	6927376113971056	108615028	ncclDevKernel_ReduceScatter_Sum_f32_RING_LL(ncclDevKernelArgsStorage<4096ul>)	_reduce_scatter_base	54534144	mesh_dp_shard	[1, 5]	Float
19	DP	6927376114323118	6927376219439704	105116586	ncclDevKernel_ReduceScatter_Sum_f32_RING_LL(ncclDevKernelArgsStorage<4096ul>)	_reduce_scatter_base	54534144	mesh_dp_shard	[1, 5]	Float
19	DP	6927376230195730	6927376230266449	70719	ncclDevKernel_AllReduce_Sum_f32_RING_LL(ncclDevKernelArgsStorage<4096ul>)	allreduce	1	mesh_dp_shard	[1, 5]	Float
19	PP	6927376233316445	6927376233325981	9536	ncclDevKernel_AllReduce_Sum_f32_RING_LL(ncclDevKernelArgsStorage<4096ul>)	allreduce	1	mesh_pp	[5, 13]	Float
19	DP	6927376247682846	6927376248029852	347006	ncclDevKernel_AllReduce_Sum_f32_RING_LL(ncclDevKernelArgsStorage<4096ul>)	allreduce	1	mesh_dp_shard	[1, 5]	Float
19	DP	6927376248879127	6927376249151221	272094	ncclDevKernel_AllReduce_Sum_f32_RING_LL(ncclDevKernelArgsStorage<4096ul>)	allreduce	1	mesh_dp_shard	[1, 5]	Float