rank	iteration	window_type	wind_start_ts	wind_end_ts	wind_duration_ns	kernel_before_bytes	kernel_after_bytes
0	10	dp-pp	6927254188679063	6927254265256648	76577585	54534144	33554432
0	10	pp-dp	6927261571902989	6927262848095497	1276192508	33554432	525336576
0	10	dp-pp	6927264941785115	6927265067880168	126095053	4	4
0	10	pp-dp	6927265067889480	6927265083692854	15803374	4	131334144
0	11	dp-pp	6927266504831495	6927266585467366	80635871	54534144	33554432
0	11	pp-dp	6927274023922993	6927275378705828	1354782835	33554432	525336576
0	11	dp-pp	6927277415872909	6927277520679340	104806431	4	4
0	11	pp-dp	6927277520688812	6927277536424026	15735214	4	131334144
0	12	dp-pp	6927278944280264	6927279041423087	97142823	54534144	33554432
0	12	pp-dp	6927286455420621	6927287833663741	1378243120	33554432	525336576
0	12	dp-pp	6927289877836976	6927289959993093	82156117	4	4
0	12	pp-dp	6927289960002404	6927289975758290	15755886	4	131334144
0	13	dp-pp	6927291432047288	6927291477716171	45668883	54534144	33554432
0	13	pp-dp	6927298756535477	6927299980732115	1224196638	33554432	525336576
0	13	dp-pp	6927302019891564	6927302127410664	107519100	4	4
0	13	pp-dp	6927302127419881	6927302143143990	15724109	4	131334144
0	14	dp-pp	6927303606922178	6927303652378354	45456176	54534144	33554432
0	14	pp-dp	6927311097228000	6927312319401916	1222173916	33554432	525336576
0	14	dp-pp	6927314375994560	6927314434786081	58791521	4	4
0	14	pp-dp	6927314434795361	6927314450652787	15857426	4	131334144
0	15	dp-pp	6927315838944216	6927315954103659	115159443	54534144	33554432
0	15	pp-dp	6927323248607329	6927324560213725	1311606396	33554432	525336576
0	15	dp-pp	6927326658910147	6927326767514132	108603985	4	4
0	15	pp-dp	6927326767523476	6927326783328738	15805262	4	131334144
0	16	dp-pp	6927328191587423	6927328298924949	107337526	54534144	33554432
0	16	pp-dp	6927335960635588	6927337185420985	1224785397	33554432	525336576
0	16	dp-pp	6927339216739859	6927339335008977	118269118	4	4
0	16	pp-dp	6927339335018385	6927339350666625	15648240	4	131334144
0	17	dp-pp	6927340742208198	6927340886501952	144293754	54534144	33554432
0	17	pp-dp	6927348541361156	6927349763419128	1222057972	33554432	525336576
0	17	dp-pp	6927351790714645	6927351839295385	48580740	4	4
0	17	pp-dp	6927351839304760	6927351854891496	15586736	4	131334144
0	18	dp-pp	6927353269259029	6927353368360594	99101565	54534144	33554432
0	18	pp-dp	6927360589427463	6927361995107715	1405680252	33554432	525336576
0	18	dp-pp	6927364045717429	6927364070408886	24691457	4	4
0	18	pp-dp	6927364070418294	6927364085967398	15549104	4	131334144
0	19	dp-pp	6927365522241907	6927365567968328	45726421	54534144	33554432
0	19	pp-dp	6927372953804769	6927374180146054	1226341285	33554432	525336576
0	19	dp-pp	6927376233208629	6927376234003377	794748	4	4
0	19	pp-dp	6927376234032208	6927376249202978	15170770	4	4
1	10	dp-pp	6927254219349517	6927254265247455	45897938	54534144	33554432
1	10	pp-dp	6927261623669643	6927262848122355	1224452712	33554432	525336576
1	10	dp-pp	6927264953137489	6927265067882134	114744645	4	4
1	10	pp-dp	6927265067891351	6927265083540696	15649345	4	131334144
1	11	dp-pp	6927266533837497	6927266585516222	51678725	54534144	33554432
1	11	pp-dp	6927274156502948	6927275378720374	1222217426	33554432	525336576
1	11	dp-pp	6927277436929741	6927277520683094	83753353	4	4
1	11	pp-dp	6927277520692310	6927277536260442	15568132	4	131334144
1	12	dp-pp	6927278995934578	6927279041473378	45538800	54534144	33554432
1	12	pp-dp	6927286610020288	6927287833717946	1223697658	33554432	525336576
1	12	dp-pp	6927289935128242	6927289959995145	24866903	4	4
1	12	pp-dp	6927289960004425	6927289975536812	15532387	4	131334144
1	13	dp-pp	6927291407592979	6927291477752994	70160015	54534144	33554432
1	13	pp-dp	6927298600195669	6927299980754154	1380558485	33554432	525336576
1	13	dp-pp	6927302098861947	6927302127412755	28550808	4	4
1	13	pp-dp	6927302127422163	6927302143101876	15679713	4	131334144
1	14	dp-pp	6927303595313197	6927303652409344	57096147	54534144	33554432
1	14	pp-dp	6927310974804868	6927312319397635	1344592767	33554432	525336576
1	14	dp-pp	6927314434463668	6927314435180142	716474	4	4
1	14	pp-dp	6927314435201422	6927314471733352	36531930	4	131334144
1	15	dp-pp	6927315908666288	6927315954120546	45454258	54534144	33554432
1	15	pp-dp	6927323163599390	6927324560237675	1396638285	33554432	525336576
1	15	dp-pp	6927326696264229	6927326767516688	71252459	4	4
1	15	pp-dp	6927326767525808	6927326783096532	15570724	4	131334144
1	16	dp-pp	6927328222550625	6927328298970082	76419457	54534144	33554432
1	16	pp-dp	6927335828516458	6927337185404989	1356888531	33554432	525336576
1	16	dp-pp	6927339334979208	6927339335011432	32224	4	4
1	16	pp-dp	6927339335020552	6927339371568160	36547608	4	131334144
1	17	dp-pp	6927340841027920	6927340886550912	45522992	54534144	33554432
1	17	pp-dp	6927348384845421	6927349763455502	1378610081	33554432	525336576
1	17	dp-pp	6927351839265844	6927351839538514	272670	4	4
1	17	pp-dp	6927351839570418	6927351879955179	40384761	4	131334144
1	18	dp-pp	6927353322824501	6927353368406309	45581808	54534144	33554432
1	18	pp-dp	6927360736850207	6927361995153344	1258303137	33554432	525336576
1	18	dp-pp	6927364069873111	6927364070817871	944760	4	4
1	18	pp-dp	6927364070848687	6927364105237780	34389093	4	131334144
1	19	dp-pp	6927365454624427	6927365567993590	113369163	54534144	33554432
1	19	pp-dp	6927372959592081	6927374180168727	1220576646	33554432	525336576
1	19	dp-pp	6927376230208035	6927376233609832	3401797	4	4
1	19	pp-dp	6927376233619080	6927376247962931	14343851	4	4
2	10	dp-pp	6927254214574679	6927254265304969	50730290	54534144	33554432
2	10	pp-dp	6927261559510348	6927262848115188	1288604840	33554432	525336576
2	10	dp-pp	6927265067500284	6927265068282100	781816	4	4
2	10	pp-dp	6927265068302260	6927265101568156	33265896	4	131334144
2	11	dp-pp	6927266540042858	6927266585560532	45517674	54534144	33554432
2	11	pp-dp	6927274026540399	6927275378727179	1352186780	33554432	525336576
2	11	dp-pp	6927277520306802	6927277521070314	763512	4	4
2	11	pp-dp	6927277521096458	6927277557094555	35998097	4	131334144
2	12	dp-pp	6927278942824963	6927279041530059	98705096	54534144	33554432
2	12	pp-dp	6927286490640971	6927287833710159	1343069188	33554432	525336576
2	12	dp-pp	6927289959561991	6927289960434014	872023	4	4
2	12	pp-dp	6927289960470206	6927289998263165	37792959	4	131334144
2	13	dp-pp	6927291365475469	6927291477802120	112326651	54534144	33554432
2	13	pp-dp	6927298739060524	6927299980762015	1241701491	33554432	525336576
2	13	dp-pp	6927302127004344	6927302127789712	785368	4	4
2	13	pp-dp	6927302127815632	6927302167248797	39433165	4	131334144
2	14	dp-pp	6927303561243040	6927303652443019	91199979	54534144	33554432
2	14	pp-dp	6927311088354362	6927312319410267	1231055905	33554432	525336576
2	14	dp-pp	6927314338675066	6927314434785581	96110515	4	4
2	14	pp-dp	6927314434795180	6927314450601228	15806048	4	131334144
2	15	dp-pp	6927315886913627	6927315954176945	67263318	54534144	33554432
2	15	pp-dp	6927323334491419	6927324560244660	1225753241	33554432	525336576
2	15	dp-pp	6927326767088904	6927326767920192	831288	4	4
2	15	pp-dp	6927326767945664	6927326808815199	40869535	4	131334144
2	16	dp-pp	6927328253205299	6927328299030112	45824813	54534144	33554432
2	16	pp-dp	6927335827170864	6927337185425175	1358254311	33554432	525336576
2	16	dp-pp	6927339227001695	6927339335010251	108008556	4	4
2	16	pp-dp	6927339335019979	6927339350600875	15580896	4	131334144
2	17	dp-pp	6927340792450247	6927340886556802	94106555	54534144	33554432
2	17	pp-dp	6927348390619239	6927349763459049	1372839810	33554432	525336576
2	17	dp-pp	6927351788675232	6927351839296377	50621145	4	4
2	17	pp-dp	6927351839305945	6927351854856441	15550496	4	131334144
2	18	dp-pp	6927353296579256	6927353368467159	71887903	54534144	33554432
2	18	pp-dp	6927360769191417	6927361995149224	1225957807	33554432	525336576
2	18	dp-pp	6927364018771274	6927364070409785	51638511	4	4
2	18	pp-dp	6927364070419481	6927364085987066	15567585	4	131334144
2	19	dp-pp	6927365519314940	6927365568045481	48730541	54534144	33554432
2	19	pp-dp	6927372955507404	6927374180172666	1224665262	33554432	525336576
2	19	dp-pp	6927376188881215	6927376233608692	44727477	4	4
2	19	pp-dp	6927376233618196	6927376247948737	14330541	4	4
3	10	dp-pp	6927254209879736	6927254265186792	55307056	54534144	33554432
3	10	pp-dp	6927261462001612	6927262848106482	1386104870	33554432	525336576
3	10	dp-pp	6927264934800466	6927265067880621	133080155	4	4
3	10	pp-dp	6927265067890445	6927265083505532	15615087	4	131334144
3	11	dp-pp	6927266493840716	6927266585444180	91603464	54534144	33554432
3	11	pp-dp	6927274011402145	6927275378696310	1367294165	33554432	525336576
3	11	dp-pp	6927277406446987	6927277520680372	114233385	4	4
3	11	pp-dp	6927277520689748	6927277536423108	15733360	4	131334144
3	12	dp-pp	6927278939012603	6927279041384436	102371833	54534144	33554432
3	12	pp-dp	6927286477305392	6927287833695075	1356389683	33554432	525336576
3	12	dp-pp	6927289833343759	6927289959993568	126649809	4	4
3	12	pp-dp	6927289960002912	6927289976049198	16046286	4	131334144
3	13	dp-pp	6927291321237591	6927291477627254	156389663	54534144	33554432
3	13	pp-dp	6927298617852934	6927299980692531	1362839597	33554432	525336576
3	13	dp-pp	6927302009499801	6927302127413145	117913344	4	4
3	13	pp-dp	6927302127422841	6927302143225202	15802361	4	131334144
3	14	dp-pp	6927303553997235	6927303652344084	98346849	54534144	33554432
3	14	pp-dp	6927310935782466	6927312319338572	1383556106	33554432	525336576
3	14	dp-pp	6927314317863577	6927314434783837	116920260	4	4
3	14	pp-dp	6927314434793213	6927314450527338	15734125	4	131334144
3	15	dp-pp	6927315845438717	6927315954037501	108598784	54534144	33554432
3	15	pp-dp	6927323184451621	6927324560183127	1375731506	33554432	525336576
3	15	dp-pp	6927326648936274	6927326767514687	118578413	4	4
3	15	pp-dp	6927326767524062	6927326783222413	15698351	4	131334144
3	16	dp-pp	6927328171095833	6927328298893481	127797648	54534144	33554432
3	16	pp-dp	6927335813445365	6927337185355427	1371910062	33554432	525336576
3	16	dp-pp	6927339198128920	6927339335009247	136880327	4	4
3	16	pp-dp	6927339335018878	6927339350885067	15866189	4	131334144
3	17	dp-pp	6927340727122293	6927340886502899	159380606	54534144	33554432
3	17	pp-dp	6927348373097617	6927349763435524	1390337907	33554432	525336576
3	17	dp-pp	6927351718920319	6927351839295428	120375109	4	4
3	17	pp-dp	6927351839304964	6927351855226418	15921454	4	131334144
3	18	dp-pp	6927353214195872	6927353368329723	154133851	54534144	33554432
3	18	pp-dp	6927360617316460	6927361995130077	1377813617	33554432	525336576
3	18	dp-pp	6927363955682564	6927364070408635	114726071	4	4
3	18	pp-dp	6927364070417915	6927364086185338	15767423	4	131334144
3	19	dp-pp	6927365498169817	6927365567900160	69730343	54534144	33554432
3	19	pp-dp	6927372794348975	6927374180146615	1385797640	33554432	525336576
3	19	dp-pp	6927376114388104	6927376233607827	119219723	4	4
3	19	pp-dp	6927376233617203	6927376247960582	14343379	4	4
4	10	dp-pp	6927254188680287	6927254265096015	76415728	54534144	33554432
4	10	pp-dp	6927261574085058	6927262848222819	1274137761	33554432	525336576
4	10	dp-pp	6927264941820605	6927265067904399	126083794	4	4
4	10	pp-dp	6927265067914095	6927265083764154	15850059	4	131334144
4	11	dp-pp	6927266504911886	6927266585531346	80619460	54534144	33554432
4	11	pp-dp	6927274023750592	6927275379961294	1356210702	33554432	525336576
4	11	dp-pp	6927277415917715	6927277520711584	104793869	4	4
4	11	pp-dp	6927277520721152	6927277536394443	15673291	4	131334144
4	12	dp-pp	6927278944319337	6927279041372847	97053510	54534144	33554432
4	12	pp-dp	6927286455313776	6927287834729612	1379415836	33554432	525336576
4	12	dp-pp	6927289877879478	6927289959631524	81752046	4	4
4	12	pp-dp	6927289959640996	6927289975264135	15623139	4	131334144
4	13	dp-pp	6927291432062473	6927291477908401	45845928	54534144	33554432
4	13	pp-dp	6927298756365543	6927299983759543	1227394000	33554432	525336576
4	13	dp-pp	6927302019939979	6927302127362934	107422955	4	4
4	13	pp-dp	6927302127372630	6927302143041151	15668521	4	131334144
4	14	dp-pp	6927303606957656	6927303652459248	45501592	54534144	33554432
4	14	pp-dp	6927311094896086	6927312320258182	1225362096	33554432	525336576
4	14	dp-pp	6927314376035010	6927314434881068	58846058	4	4
4	14	pp-dp	6927314434890636	6927314450618287	15727651	4	131334144
4	15	dp-pp	6927315839058137	6927315954090294	115032157	54534144	33554432
4	15	pp-dp	6927323246113683	6927324560027420	1313913737	33554432	525336576
4	15	dp-pp	6927326658959343	6927326767428919	108469576	4	4
4	15	pp-dp	6927326767438583	6927326783161506	15722923	4	131334144
4	16	dp-pp	6927328191556273	6927328299040040	107483767	54534144	33554432
4	16	pp-dp	6927335960203644	6927337186542164	1226338520	33554432	525336576
4	16	dp-pp	6927339216789868	6927339335410309	118620441	4	4
4	16	pp-dp	6927339335419749	6927339351114672	15694923	4	131334144
4	17	dp-pp	6927340742270987	6927340886402521	144131534	54534144	33554432
4	17	pp-dp	6927348540293923	6927349765092587	1224798664	33554432	525336576
4	17	dp-pp	6927351790770538	6927351839679025	48908487	4	4
4	17	pp-dp	6927351839688625	6927351855295902	15607277	4	131334144
4	18	dp-pp	6927353269394128	6927353368196672	98802544	54534144	33554432
4	18	pp-dp	6927360592484356	6927361997547510	1405063154	33554432	525336576
4	18	dp-pp	6927364045775041	6927364069957332	24182291	4	4
4	18	pp-dp	6927364069967028	6927364085505312	15538284	4	131334144
4	19	dp-pp	6927365522227252	6927365568154039	45926787	54534144	33554432
4	19	pp-dp	6927372952952710	6927374179467861	1226515151	33554432	525336576
4	19	dp-pp	6927376233284991	6927376233661024	376033	4	4
4	19	pp-dp	6927376233689791	6927376248646699	14956908	4	4
5	10	dp-pp	6927254219315115	6927254265109919	45794804	54534144	33554432
5	10	pp-dp	6927261622436356	6927262848214927	1225778571	33554432	525336576
5	10	dp-pp	6927264953171049	6927265067907095	114736046	4	4
5	10	pp-dp	6927265067916695	6927265083549297	15632602	4	131334144
5	11	dp-pp	6927266533884298	6927266585580407	51696109	54534144	33554432
5	11	pp-dp	6927274157090785	6927275379962439	1222871654	33554432	525336576
5	11	dp-pp	6927277436968394	6927277520714276	83745882	4	4
5	11	pp-dp	6927277520723844	6927277536322334	15598490	4	131334144
5	12	dp-pp	6927278995945939	6927279041423528	45477589	54534144	33554432
5	12	pp-dp	6927286609990851	6927287834790669	1224799818	33554432	525336576
5	12	dp-pp	6927289935171038	6927289959634815	24463777	4	4
5	12	pp-dp	6927289959644127	6927289975193786	15549659	4	131334144
5	13	dp-pp	6927291408339640	6927291477941397	69601757	54534144	33554432
5	13	pp-dp	6927298598362644	6927299983768565	1385405921	33554432	525336576
5	13	dp-pp	6927302098909298	6927302127365111	28455813	4	4
5	13	pp-dp	6927302127374487	6927302143027312	15652825	4	131334144
5	14	dp-pp	6927303595366254	6927303652500783	57134529	54534144	33554432
5	14	pp-dp	6927310975965621	6927312320263261	1344297640	33554432	525336576
5	14	dp-pp	6927314434512010	6927314435290660	778650	4	4
5	14	pp-dp	6927314435310468	6927314468751267	33440799	4	131334144
5	15	dp-pp	6927315908671018	6927315954146232	45475214	54534144	33554432
5	15	pp-dp	6927323161617668	6927324560025950	1398408282	33554432	525336576
5	15	dp-pp	6927326696306790	6927326767432239	71125449	4	4
5	15	pp-dp	6927326767442063	6927326782995784	15553721	4	131334144
5	16	dp-pp	6927328222630578	6927328299085656	76455078	54534144	33554432
5	16	pp-dp	6927335829912132	6927337186547775	1356635643	33554432	525336576
5	16	dp-pp	6927339335032396	6927339335881767	849371	4	4
5	16	pp-dp	6927339335901639	6927339384030186	48128547	4	131334144
5	17	dp-pp	6927340841079383	6927340886454637	45375254	54534144	33554432
5	17	pp-dp	6927348386410483	6927349765117363	1378706880	33554432	525336576
5	17	dp-pp	6927351839325520	6927351840089579	764059	4	4
5	17	pp-dp	6927351840122826	6927351878153392	38030566	4	131334144
5	18	dp-pp	6927353322844781	6927353368246275	45401494	54534144	33554432
5	18	pp-dp	6927360738755802	6927361997534539	1258778737	33554432	525336576
5	18	dp-pp	6927364069927783	6927364069960071	32288	4	4
5	18	pp-dp	6927364069969575	6927364107995570	38025995	4	131334144
5	19	dp-pp	6927365454618444	6927365568188672	113570228	54534144	33554432
5	19	pp-dp	6927372958212157	6927374179491142	1221278985	33554432	525336576
5	19	dp-pp	6927376230266449	6927376233316445	3049996	4	4
5	19	pp-dp	6927376233325981	6927376247682846	14356865	4	4
6	10	dp-pp	6927254214539538	6927254265157731	50618193	54534144	33554432
6	10	pp-dp	6927261560248545	6927262848236340	1287987795	33554432	525336576
6	10	dp-pp	6927265067531749	6927265068328739	796990	4	4
6	10	pp-dp	6927265068350627	6927265111686313	43335686	4	131334144
6	11	dp-pp	6927266540040737	6927266585575846	45535109	54534144	33554432
6	11	pp-dp	6927274027011576	6927275379966499	1352954923	33554432	525336576
6	11	dp-pp	6927277520347288	6927277521126326	779038	4	4
6	11	pp-dp	6927277521149686	6927277558638864	37489178	4	131334144
6	12	dp-pp	6927278942739919	6927279041468533	98728614	54534144	33554432
6	12	pp-dp	6927286490767523	6927287834787091	1344019568	33554432	525336576
6	12	dp-pp	6927289959601007	6927289959632463	31456	4	4
6	12	pp-dp	6927289959652175	6927289996115145	36462970	4	131334144
6	13	dp-pp	6927291365609947	6927291477984416	112374469	54534144	33554432
6	13	pp-dp	6927298738711859	6927299983782661	1245070802	33554432	525336576
6	13	dp-pp	6927302127048985	6927302127752440	703455	4	4
6	13	pp-dp	6927302127773336	6927302172442390	44669054	4	131334144
6	14	dp-pp	6927303561140731	6927303652527089	91386358	54534144	33554432
6	14	pp-dp	6927311086787253	6927312320281584	1233494331	33554432	525336576
6	14	dp-pp	6927314338719681	6927314434884086	96164405	4	4
6	14	pp-dp	6927314434893526	6927314450795817	15902291	4	131334144
6	15	dp-pp	6927315886879535	6927315954209011	67329476	54534144	33554432
6	15	pp-dp	6927323332131477	6927324560006972	1227875495	33554432	525336576
6	15	dp-pp	6927326767137539	6927326767813761	676222	4	4
6	15	pp-dp	6927326767836225	6927326806938455	39102230	4	131334144
6	16	dp-pp	6927328253195317	6927328299130264	45934947	54534144	33554432
6	16	pp-dp	6927335828504276	6927337186557282	1358053006	33554432	525336576
6	16	dp-pp	6927339227056931	6927339335411677	108354746	4	4
6	16	pp-dp	6927339335420989	6927339351107155	15686166	4	131334144
6	17	dp-pp	6927340792446534	6927340886495047	94048513	54534144	33554432
6	17	pp-dp	6927348391265959	6927349765119109	1373853150	33554432	525336576
6	17	dp-pp	6927351788750135	6927351839680589	50930454	4	4
6	17	pp-dp	6927351839689837	6927351855422786	15732949	4	131334144
6	18	dp-pp	6927353296143402	6927353368254631	72111229	54534144	33554432
6	18	pp-dp	6927360769055348	6927361997558776	1228503428	33554432	525336576
6	18	dp-pp	6927364018832028	6927364069958737	51126709	4	4
6	18	pp-dp	6927364069968177	6927364085610961	15642784	4	131334144
6	19	dp-pp	6927365519346330	6927365568226838	48880508	54534144	33554432
6	19	pp-dp	6927372955756991	6927374179499967	1223742976	33554432	525336576
6	19	dp-pp	6927376188943482	6927376233314818	44371336	4	4
6	19	pp-dp	6927376233324290	6927376247776411	14452121	4	4
7	10	dp-pp	6927254209844788	6927254265020455	55175667	54534144	33554432
7	10	pp-dp	6927261462316121	6927262848150757	1385834636	33554432	525336576
7	10	dp-pp	6927264934835282	6927265067905188	133069906	4	4
7	10	pp-dp	6927265067914340	6927265083723543	15809203	4	131334144
7	11	dp-pp	6927266493760503	6927266585526565	91766062	54534144	33554432
7	11	pp-dp	6927274011168016	6927275379898441	1368730425	33554432	525336576
7	11	dp-pp	6927277406484659	6927277520712376	114227717	4	4
7	11	pp-dp	6927277520721560	6927277536376011	15654451	4	131334144
7	12	dp-pp	6927278939050343	6927279041337812	102287469	54534144	33554432
7	12	pp-dp	6927286475567633	6927287834768852	1359201219	33554432	525336576
7	12	dp-pp	6927289833384615	6927289959632331	126247716	4	4
7	12	pp-dp	6927289959641419	6927289975366176	15724757	4	131334144
7	13	dp-pp	6927291321234262	6927291477837653	156603391	54534144	33554432
7	13	pp-dp	6927298616671802	6927299983727552	1367055750	33554432	525336576
7	13	dp-pp	6927302009537009	6927302127364170	117827161	4	4
7	13	pp-dp	6927302127373290	6927302143046292	15673002	4	131334144
7	14	dp-pp	6927303554094230	6927303652414583	98320353	54534144	33554432
7	14	pp-dp	6927310934835781	6927312320209442	1385373661	33554432	525336576
7	14	dp-pp	6927314317904561	6927314434883309	116978748	4	4
7	14	pp-dp	6927314434892429	6927314450738783	15846354	4	131334144
7	15	dp-pp	6927315845443347	6927315954034006	108590659	54534144	33554432
7	15	pp-dp	6927323183835150	6927324559955157	1376120007	33554432	525336576
7	15	dp-pp	6927326648987725	6927326767430128	118442403	4	4
7	15	pp-dp	6927326767439568	6927326783249732	15810164	4	131334144
7	16	dp-pp	6927328171080418	6927328298983294	127902876	54534144	33554432
7	16	pp-dp	6927335811155116	6927337186511339	1375356223	33554432	525336576
7	16	dp-pp	6927339198177376	6927339335410997	137233621	4	4
7	16	pp-dp	6927339335420085	6927339351067305	15647220	4	131334144
7	17	dp-pp	6927340727141494	6927340886360026	159218532	54534144	33554432
7	17	pp-dp	6927348374695546	6927349765105241	1390409695	33554432	525336576
7	17	dp-pp	6927351718972900	6927351839679494	120706594	4	4
7	17	pp-dp	6927351839688581	6927351855424313	15735732	4	131334144
7	18	dp-pp	6927353214333969	6927353368212696	153878727	54534144	33554432
7	18	pp-dp	6927360616674042	6927361997463830	1380789788	33554432	525336576
7	18	dp-pp	6927363955739886	6927364069957582	114217696	4	4
7	18	pp-dp	6927364069966862	6927364085739348	15772486	4	131334144
7	19	dp-pp	6927365498341736	6927365568076982	69735246	54534144	33554432
7	19	pp-dp	6927372796070768	6927374179461492	1383390724	33554432	525336576
7	19	dp-pp	6927376114450185	6927376233313964	118863779	4	4
7	19	pp-dp	6927376233323148	6927376247668129	14344981	4	4
8	10	pp-dp	6927254277841558	6927254278511032	669474	33554432	131338240
8	10	dp-pp	6927255561005217	6927256865619047	1304613830	54534144	33554432
8	10	pp-dp	6927256880390437	6927258872402540	1992012103	33554432	525352960
8	10	dp-pp	6927261565881971	6927261565885939	3968	218136576	33554432
8	10	pp-dp	6927261571141022	6927261574580965	3439943	33554432	4
8	10	dp-pp	6927261576589801	6927261625930801	49341000	4	4
8	11	pp-dp	6927266598216525	6927266598886734	670209	33554432	131338240
8	11	dp-pp	6927267883278868	6927269186112796	1302833928	54534144	33554432
8	11	pp-dp	6927269201707709	6927271193279708	1991571999	33554432	525352960
8	11	dp-pp	6927274015569281	6927274015581953	12672	218136576	33554432
8	11	pp-dp	6927274022951249	6927274026397112	3445863	33554432	4
8	11	dp-pp	6927274026407096	6927274159254926	132847830	4	4
8	12	pp-dp	6927279053849435	6927279054520572	671137	33554432	131338240
8	12	dp-pp	6927280298880715	6927281638931454	1340050739	54534144	33554432
8	12	pp-dp	6927281652959099	6927283646547442	1993588343	33554432	525352960
8	12	dp-pp	6927286446560328	6927286446562567	2239	218136576	33554432
8	12	pp-dp	6927286454342616	6927286457782239	3439623	33554432	4
8	12	dp-pp	6927286457792127	6927286612533859	154741732	4	4
8	13	pp-dp	6927291490705178	6927291491377211	672033	33554432	131338240
8	13	dp-pp	6927292754202235	6927294085989291	1331787056	54534144	33554432
8	13	pp-dp	6927294100312009	6927296089695401	1989383392	33554432	525352960
8	13	dp-pp	6927298748351242	6927298748353482	2240	218136576	33554432
8	13	pp-dp	6927298755523512	6927298758963552	3440040	33554432	4
8	13	dp-pp	6927298758973312	6927298759004992	31680	4	4
8	14	pp-dp	6927303664434071	6927303665103096	669025	33554432	131338240
8	14	dp-pp	6927304956093994	6927306259987317	1303893323	54534144	33554432
8	14	pp-dp	6927306274544434	6927308264610844	1990066410	33554432	525352960
8	14	dp-pp	6927311088457900	6927311088470060	12160	218136576	33554432
8	14	pp-dp	6927311095834843	6927311099276386	3441543	33554432	4
8	14	dp-pp	6927311099286146	6927311099317954	31808	4	4
8	15	pp-dp	6927315966595566	6927315967270575	675009	33554432	131338240
8	15	dp-pp	6927317261924768	6927318568830722	1306905954	54534144	33554432
8	15	pp-dp	6927318582471167	6927320574495542	1992024375	33554432	525352960
8	15	dp-pp	6927323239543346	6927323239544818	1472	218136576	33554432
8	15	pp-dp	6927323247178946	6927323250617833	3438887	33554432	4
8	15	dp-pp	6927323250627561	6927323336983229	86355668	4	4
8	16	pp-dp	6927328311104145	6927328311776307	672162	33554432	131338240
8	16	dp-pp	6927329626060203	6927330931210608	1305150405	54534144	33554432
8	16	pp-dp	6927330945465996	6927332935800781	1990334785	33554432	525352960
8	16	dp-pp	6927335953572859	6927335953576507	3648	218136576	33554432
8	16	pp-dp	6927335958680198	6927335962123117	3442919	33554432	4
8	16	dp-pp	6927335962132941	6927335962165517	32576	4	4
8	17	pp-dp	6927340898633957	6927340899301830	667873	33554432	131338240
8	17	dp-pp	6927342201179961	6927343504690517	1303510556	54534144	33554432
8	17	pp-dp	6927343519563635	6927345511908858	1992345223	33554432	525352960
8	17	dp-pp	6927348533185102	6927348533198413	13311	218136576	33554432
8	17	pp-dp	6927348540108476	6927348543548003	3439527	33554432	4
8	17	dp-pp	6927348543557859	6927348543589763	31904	4	4
8	18	pp-dp	6927353380813593	6927353381484698	671105	33554432	131338240
8	18	dp-pp	6927354690482659	6927355996573052	1306090393	54534144	33554432
8	18	pp-dp	6927356011662404	6927358004238449	1992576045	33554432	525352960
8	18	dp-pp	6927360582189219	6927360582192995	3776	218136576	33554432
8	18	pp-dp	6927360587488906	6927360590933391	3444485	33554432	4
8	18	dp-pp	6927360594665620	6927360771141926	176476306	4	4
8	19	pp-dp	6927365581028796	6927365581704221	675425	33554432	131338240
8	19	dp-pp	6927366912030230	6927368215113669	1303083439	54534144	33554432
8	19	pp-dp	6927368228891909	6927370223014760	1994122851	33554432	525352960
8	19	dp-pp	6927372945483650	6927372945487426	3776	218136576	33554432
8	19	pp-dp	6927372952779313	6927372956220728	3441415	33554432	4
8	19	dp-pp	6927372956230552	6927372962086884	5856332	4	4
8	19	pp-dp	6927376234055774	6927376248522012	14466238	4	4
9	10	pp-dp	6927254277692188	6927254278366300	674112	33554432	131338240
9	10	dp-pp	6927255550826827	6927256865659129	1314832302	54534144	33554432
9	10	pp-dp	6927256880199502	6927258872407431	1992207929	33554432	525352960
9	10	dp-pp	6927261615493899	6927261615497099	3200	218136576	33554432
9	10	pp-dp	6927261622452997	6927261625887970	3434973	33554432	4
9	10	dp-pp	6927261625898274	6927261625933698	35424	4	4
9	11	pp-dp	6927266598918653	6927266599585532	666879	33554432	131338240
9	11	dp-pp	6927267848664861	6927269186163094	1337498233	54534144	33554432
9	11	pp-dp	6927269200197451	6927271193284556	1993087105	33554432	525352960
9	11	dp-pp	6927274148543660	6927274148547660	4000	218136576	33554432
9	11	pp-dp	6927274154817383	6927274158253540	3436157	33554432	4
9	11	dp-pp	6927274159221828	6927274159257636	35808	4	4
9	12	pp-dp	6927279054165055	6927279054835230	670175	33554432	131338240
9	12	dp-pp	6927280333160192	6927281638958545	1305798353	54534144	33554432
9	12	pp-dp	6927281652717254	6927283646542694	1993825440	33554432	525352960
9	12	dp-pp	6927286603945038	6927286603956430	11392	218136576	33554432
9	12	pp-dp	6927286609045514	6927286612490439	3444925	33554432	4
9	12	dp-pp	6927286612500615	6927286612535623	35008	4	4
9	13	pp-dp	6927291490301415	6927291490973607	672192	33554432	131338240
9	13	dp-pp	6927292780237584	6927294086029112	1305791528	54534144	33554432
9	13	pp-dp	6927294099273133	6927296089704991	1990431858	33554432	525352960
9	13	dp-pp	6927298587050803	6927298587062515	11712	218136576	33554432
9	13	pp-dp	6927298598753194	6927298602185927	3432733	33554432	4
9	13	dp-pp	6927298602196039	6927298759008105	156812066	4	4
9	14	pp-dp	6927303664591068	6927303665263931	672863	33554432	131338240
9	14	dp-pp	6927304891807335	6927306260024983	1368217648	54534144	33554432
9	14	pp-dp	6927306273865226	6927308264625160	1990759934	33554432	525352960
9	14	dp-pp	6927310967818005	6927310967819669	1664	218136576	33554432
9	14	pp-dp	6927310973197169	6927310976634510	3437341	33554432	4
9	14	dp-pp	6927310978407949	6927311099320554	120912605	4	4
9	15	pp-dp	6927315966661195	6927315967333931	672736	33554432	131338240
9	15	dp-pp	6927317207722238	6927318568883453	1361161215	54534144	33554432
9	15	pp-dp	6927318582705041	6927320574491910	1991786869	33554432	525352960
9	15	dp-pp	6927323152641278	6927323152652798	11520	218136576	33554432
9	15	pp-dp	6927323162417141	6927323165861939	3444798	33554432	4
9	15	dp-pp	6927323165872339	6927323336985922	171113583	4	4
9	16	pp-dp	6927328311153415	6927328311825926	672511	33554432	131338240
9	16	dp-pp	6927329558262983	6927330931244466	1372981483	54534144	33554432
9	16	pp-dp	6927330944202406	6927332935800486	1991598080	33554432	525352960
9	16	dp-pp	6927335821472130	6927335821475809	3679	218136576	33554432
9	16	pp-dp	6927335827133117	6927335830578842	3445725	33554432	4
9	16	dp-pp	6927335832365688	6927335962167817	129802129	4	4
9	17	pp-dp	6927340898779553	6927340899455872	676319	33554432	131338240
9	17	dp-pp	6927342165419333	6927343504747334	1339328001	54534144	33554432
9	17	pp-dp	6927343518515962	6927345511913755	1993397793	33554432	525352960
9	17	dp-pp	6927348378632624	6927348378635952	3328	218136576	33554432
9	17	pp-dp	6927348384007496	6927348387439170	3431674	33554432	4
9	17	dp-pp	6927348387939873	6927348543592649	155652776	4	4
9	18	pp-dp	6927353380732922	6927353381406681	673759	33554432	131338240
9	18	dp-pp	6927354632576972	6927355996606391	1364029419	54534144	33554432
9	18	pp-dp	6927356011146282	6927358004237843	1993091561	33554432	525352960
9	18	dp-pp	6927360728878136	6927360728891896	13760	218136576	33554432
9	18	pp-dp	6927360735642861	6927360739083112	3440251	33554432	4
9	18	dp-pp	6927360740503717	6927360771144085	30640368	4	4
9	19	pp-dp	6927365581356720	6927365582036047	679327	33554432	131338240
9	19	dp-pp	6927366856623202	6927368215152344	1358529142	54534144	33554432
9	19	pp-dp	6927368230242985	6927370223010918	1992767933	33554432	525352960
9	19	dp-pp	6927372950974423	6927372950988278	13855	218136576	33554432
9	19	pp-dp	6927372958598800	6927372962037037	3438237	33554432	4
9	19	dp-pp	6927372962047213	6927372962088140	40927	4	4
9	19	pp-dp	6927376233643398	6927376248032632	14389234	4	4
10	10	pp-dp	6927254276727459	6927254277397055	669596	33554432	131338240
10	10	dp-pp	6927255548881855	6927256865679358	1316797503	54534144	33554432
10	10	pp-dp	6927256879247569	6927258872405844	1993158275	33554432	525352960
10	10	dp-pp	6927261550886320	6927261550890159	3839	218136576	33554432
10	10	pp-dp	6927261558501124	6927261561941425	3440301	33554432	4
10	10	dp-pp	6927261562257583	6927261625932294	63674711	4	4
10	11	pp-dp	6927266597072323	6927266597741919	669596	33554432	131338240
10	11	dp-pp	6927267849934215	6927269186181243	1336247028	54534144	33554432
10	11	pp-dp	6927269200350925	6927271193284850	1992933925	33554432	525352960
10	11	dp-pp	6927274018529329	6927274018533201	3872	218136576	33554432
10	11	pp-dp	6927274025592937	6927274029025942	3433005	33554432	4
10	11	dp-pp	6927274029502931	6927274159256316	129753385	4	4
10	12	pp-dp	6927279053681984	6927279054356797	674813	33554432	131338240
10	12	dp-pp	6927280331452117	6927281638972153	1307520036	54534144	33554432
10	12	pp-dp	6927281653289930	6927283646546503	1993256573	33554432	525352960
10	12	dp-pp	6927286482593406	6927286482595390	1984	218136576	33554432
10	12	pp-dp	6927286489684214	6927286493124130	3439916	33554432	4
10	12	dp-pp	6927286493236642	6927286612535200	119298558	4	4
10	13	pp-dp	6927291489328269	6927291489995338	667069	33554432	131338240
10	13	dp-pp	6927292755262465	6927294086053239	1330790774	54534144	33554432
10	13	pp-dp	6927294100949636	6927296089701313	1988751677	33554432	525352960
10	13	dp-pp	6927298732742843	6927298732745114	2271	218136576	33554432
10	13	pp-dp	6927298737623039	6927298741055948	3432909	33554432	4
10	13	dp-pp	6927298741321450	6927298759007207	17685757	4	4
10	14	pp-dp	6927303663672959	6927303664346395	673436	33554432	131338240
10	14	dp-pp	6927304923243786	6927306260046409	1336802623	54534144	33554432
10	14	pp-dp	6927306274943702	6927308264620973	1989677271	33554432	525352960
10	14	dp-pp	6927311079900694	6927311079902390	1696	218136576	33554432
10	14	pp-dp	6927311087350380	6927311090795993	3445613	33554432	4
10	14	dp-pp	6927311090806425	6927311099319913	8513488	4	4
10	15	pp-dp	6927315966116162	6927315966788862	672700	33554432	131338240
10	15	dp-pp	6927317219027450	6927318568921614	1349894164	54534144	33554432
10	15	pp-dp	6927318582646880	6927320574496741	1991849861	33554432	525352960
10	15	dp-pp	6927323326159998	6927323326161662	1664	218136576	33554432
10	15	pp-dp	6927323333507989	6927323336939265	3431276	33554432	4
10	15	dp-pp	6927323336949666	6927323336984706	35040	4	4
10	16	pp-dp	6927328310658811	6927328311328535	669724	33554432	131338240
10	16	dp-pp	6927329572793090	6927330931262817	1358469727	54534144	33554432
10	16	pp-dp	6927330945483312	6927332935803698	1990320386	33554432	525352960
10	16	dp-pp	6927335820082205	6927335820086205	4000	218136576	33554432
10	16	pp-dp	6927335825603614	6927335829042922	3439308	33554432	4
10	16	dp-pp	6927335830826080	6927335962166994	131340914	4	4
10	17	pp-dp	6927340897550176	6927340898218717	668541	33554432	131338240
10	17	dp-pp	6927342157861016	6927343504768101	1346907085	54534144	33554432
10	17	pp-dp	6927343518877589	6927345511912903	1993035314	33554432	525352960
10	17	dp-pp	6927348383052400	6927348383055728	3328	218136576	33554432
10	17	pp-dp	6927348389842473	6927348393274870	3432397	33554432	4
10	17	dp-pp	6927348393763444	6927348543591243	149827799	4	4
10	18	pp-dp	6927353379484067	6927353380156223	672156	33554432	131338240
10	18	dp-pp	6927354645199546	6927355996634059	1351434513	54534144	33554432
10	18	pp-dp	6927356011231960	6927358004238182	1993006222	33554432	525352960
10	18	dp-pp	6927360762624206	6927360762638094	13888	218136576	33554432
10	18	pp-dp	6927360767615921	6927360771050910	3434989	33554432	4
10	18	dp-pp	6927360771108382	6927360771143454	35072	4	4
10	19	pp-dp	6927365578607431	6927365579279108	671677	33554432	131338240
10	19	dp-pp	6927366858628926	6927368215171163	1356542237	54534144	33554432
10	19	pp-dp	6927368228848077	6927370223011707	1994163630	33554432	525352960
10	19	dp-pp	6927372946812057	6927372946825049	12992	218136576	33554432
10	19	pp-dp	6927372954494413	6927372957932346	3437933	33554432	4
10	19	dp-pp	6927372958125561	6927372962087363	3961802	4	4
10	19	pp-dp	6927376233647553	6927376248006768	14359215	4	4
11	10	pp-dp	6927254278780782	6927254279450249	669467	33554432	131338240
11	10	dp-pp	6927255504132719	6927256865561372	1361428653	54534144	33554432
11	10	pp-dp	6927256878653051	6927258872406477	1993753426	33554432	525352960
11	10	dp-pp	6927261453164592	6927261453177552	12960	218136576	33554432
11	10	pp-dp	6927261460953974	6927261464388701	3434727	33554432	4
11	10	dp-pp	6927261464730266	6927261625931378	161201112	4	4
11	11	pp-dp	6927266597428816	6927266598097963	669147	33554432	131338240
11	11	dp-pp	6927267846045965	6927269186101244	1340055279	54534144	33554432
11	11	pp-dp	6927269198967931	6927271193272121	1994304190	33554432	525352960
11	11	dp-pp	6927274002478025	6927274002490920	12895	218136576	33554432
11	11	pp-dp	6927274010389166	6927274013819636	3430470	33554432	4
11	11	dp-pp	6927274013830100	6927274159255129	145425029	4	4
11	12	pp-dp	6927279053967855	6927279054639210	671355	33554432	131338240
11	12	dp-pp	6927280275270085	6927281638867545	1363597460	54534144	33554432
11	12	pp-dp	6927281652202935	6927283646544928	1994341993	33554432	525352960
11	12	dp-pp	6927286469030690	6927286469032738	2048	218136576	33554432
11	12	pp-dp	6927286476329644	6927286479767891	3438247	33554432	4
11	12	dp-pp	6927286479778035	6927286612534684	132756649	4	4
11	13	pp-dp	6927291490826876	6927291491497239	670363	33554432	131338240
11	13	dp-pp	6927292733296406	6927294085953401	1352656995	54534144	33554432
11	13	pp-dp	6927294099687890	6927296089707280	1990019390	33554432	525352960
11	13	dp-pp	6927298608363817	6927298608375401	11584	218136576	33554432
11	13	pp-dp	6927298616782731	6927298620212561	3429830	33554432	4
11	13	dp-pp	6927298620222833	6927298759005838	138783005	4	4
11	14	pp-dp	6927303665179975	6927303665855137	675162	33554432	131338240
11	14	dp-pp	6927304892938634	6927306259954141	1367015507	54534144	33554432
11	14	pp-dp	6927306274059155	6927308264622262	1990563107	33554432	525352960
11	14	dp-pp	6927310926363269	6927310926365030	1761	218136576	33554432
11	14	pp-dp	6927310934674280	6927310938113134	3438854	33554432	4
11	14	dp-pp	6927310938123342	6927311099318434	161195092	4	4
11	15	pp-dp	6927315966276083	6927315966950830	674747	33554432	131338240
11	15	dp-pp	6927317210206460	6927318568814136	1358607676	54534144	33554432
11	15	pp-dp	6927318582881519	6927320574497303	1991615784	33554432	525352960
11	15	dp-pp	6927323175503174	6927323175505767	2593	218136576	33554432
11	15	pp-dp	6927323183414764	6927323186853266	3438502	33554432	4
11	15	dp-pp	6927323186863698	6927323336983607	150119909	4	4
11	16	pp-dp	6927328312075701	6927328312743632	667931	33554432	131338240
11	16	dp-pp	6927329559210540	6927330931196832	1371986292	54534144	33554432
11	16	pp-dp	6927330944651419	6927332935797261	1991145842	33554432	525352960
11	16	dp-pp	6927335804351698	6927335804354866	3168	218136576	33554432
11	16	pp-dp	6927335812375351	6927335815806461	3431110	33554432	4
11	16	dp-pp	6927335815816637	6927335962165918	146349281	4	4
11	17	pp-dp	6927340900574647	6927340901247986	673339	33554432	131338240
11	17	dp-pp	6927342128393118	6927343504705258	1376312140	54534144	33554432
11	17	pp-dp	6927343518549027	6927345511907841	1993358814	33554432	525352960
11	17	dp-pp	6927348366291257	6927348366294489	3232	218136576	33554432
11	17	pp-dp	6927348372203117	6927348375639507	3436390	33554432	4
11	17	dp-pp	6927348377144328	6927348543590501	166446173	4	4
11	18	pp-dp	6927353381374762	6927353382049893	675131	33554432	131338240
11	18	dp-pp	6927354630259373	6927355996508382	1366249009	54534144	33554432
11	18	pp-dp	6927356009982489	6927358004237737	1994255248	33554432	525352960
11	18	dp-pp	6927360608248366	6927360608252303	3937	218136576	33554432
11	18	pp-dp	6927360616229482	6927360619665741	3436259	33554432	4
11	18	dp-pp	6927360619676013	6927360771142816	151466803	4	4
11	19	pp-dp	6927365581033300	6927365581707087	673787	33554432	131338240
11	19	dp-pp	6927366850738056	6927368215096044	1364357988	54534144	33554432
11	19	pp-dp	6927368228530406	6927370223002495	1994472089	33554432	525352960
11	19	dp-pp	6927372787594774	6927372787598166	3392	218136576	33554432
11	19	pp-dp	6927372793543210	6927372796987792	3444582	33554432	4
11	19	dp-pp	6927372798514821	6927372962085536	163570715	4	4
11	19	pp-dp	6927376233617546	6927376247948926	14331380	4	4
12	10	pp-dp	6927254279314600	6927254279993509	678909	33554432	131338240
12	10	dp-pp	6927255561080955	6927256866244458	1305163503	54534144	33554432
12	10	pp-dp	6927256879684555	6927258867721985	1988037430	33554432	525352960
12	10	dp-pp	6927261565955595	6927261565969323	13728	218136576	33554432
12	10	pp-dp	6927261573142666	6927261576587771	3445105	33554432	4
12	10	dp-pp	6927261576654010	6927261625992089	49338079	4	4
12	11	pp-dp	6927266598148804	6927266598825184	676380	33554432	131338240
12	11	dp-pp	6927267883435966	6927269185380319	1301944353	54534144	33554432
12	11	pp-dp	6927269199772381	6927271186822701	1987050320	33554432	525352960
12	11	dp-pp	6927274015583945	6927274015597642	13697	218136576	33554432
12	11	pp-dp	6927274022825001	6927274026263865	3438864	33554432	4
12	11	dp-pp	6927274026473016	6927274159322939	132849923	4	4
12	12	pp-dp	6927279056865077	6927279057543314	678237	33554432	131338240
12	12	dp-pp	6927280299183398	6927281637816319	1338632921	54534144	33554432
12	12	pp-dp	6927281652297405	6927283641642073	1989344668	33554432	525352960
12	12	dp-pp	6927286446571055	6927286446573582	2527	218136576	33554432
12	12	pp-dp	6927286454328619	6927286457780763	3452144	33554432	4
12	12	dp-pp	6927286457861979	6927286612600915	154738936	4	4
12	13	pp-dp	6927291495018887	6927291495689700	670813	33554432	131338240
12	13	dp-pp	6927292754369505	6927294087801659	1333432154	54534144	33554432
12	13	pp-dp	6927294100989151	6927296089765401	1988776250	33554432	525352960
12	13	dp-pp	6927298748446663	6927298748448295	1632	218136576	33554432
12	13	pp-dp	6927298755223720	6927298758669945	3446225	33554432	4
12	13	dp-pp	6927298759050487	6927298759081975	31488	4	4
12	14	pp-dp	6927303666078068	6927303666755025	676957	33554432	131338240
12	14	dp-pp	6927304956132307	6927306258194330	1302062023	54534144	33554432
12	14	pp-dp	6927306273228277	6927308259153070	1985924793	33554432	525352960
12	14	dp-pp	6927311088493399	6927311088495191	1792	218136576	33554432
12	14	pp-dp	6927311093557345	6927311096997905	3440560	33554432	4
12	14	dp-pp	6927311099370822	6927311099403302	32480	4	4
12	15	pp-dp	6927315968759602	6927315969433775	674173	33554432	131338240
12	15	dp-pp	6927317261982164	6927318567392107	1305409943	54534144	33554432
12	15	pp-dp	6927318581703500	6927320568435546	1986732046	33554432	525352960
12	15	dp-pp	6927323239638623	6927323239650527	11904	218136576	33554432
12	15	pp-dp	6927323244429706	6927323247870330	3440624	33554432	4
12	15	dp-pp	6927323250721741	6927323337074822	86353081	4	4
12	16	pp-dp	6927328313394526	6927328314068827	674301	33554432	131338240
12	16	dp-pp	6927329626098837	6927330929009400	1302910563	54534144	33554432
12	16	pp-dp	6927330943431063	6927332929567977	1986136914	33554432	525352960
12	16	dp-pp	6927335953616430	6927335953620430	4000	218136576	33554432
12	16	pp-dp	6927335958612311	6927335962051112	3438801	33554432	4
12	16	dp-pp	6927335962232871	6927335962264871	32000	4	4
12	17	pp-dp	6927340900003322	6927340900675287	671965	33554432	131338240
12	17	dp-pp	6927342201294683	6927343502469293	1301174610	54534144	33554432
12	17	pp-dp	6927343515890961	6927345505354147	1989463186	33554432	525352960
12	17	dp-pp	6927348533238682	6927348533251738	13056	218136576	33554432
12	17	pp-dp	6927348538316099	6927348541751411	3435312	33554432	4
12	17	dp-pp	6927348543671275	6927348543703146	31871	4	4
12	18	pp-dp	6927353382468699	6927353383143128	674429	33554432	131338240
12	18	dp-pp	6927354690605661	6927355995821096	1305215435	54534144	33554432
12	18	pp-dp	6927356009770153	6927357997492604	1987722451	33554432	525352960
12	18	dp-pp	6927360582253993	6927360582258217	4224	218136576	33554432
12	18	pp-dp	6927360591285055	6927360594725551	3440496	33554432	4
12	18	dp-pp	6927360594786895	6927360771258874	176471979	4	4
12	19	pp-dp	6927365584119761	6927365584792878	673117	33554432	131338240
12	19	dp-pp	6927366912069928	6927368212744738	1300674810	54534144	33554432
12	19	pp-dp	6927368227264416	6927370217622454	1990358038	33554432	525352960
12	19	dp-pp	6927372945547143	6927372945560007	12864	218136576	33554432
12	19	pp-dp	6927372951096494	6927372954557246	3460752	33554432	4
12	19	dp-pp	6927372956359030	6927372962210843	5851813	4	4
12	19	pp-dp	6927376233912732	6927376248262970	14350238	4	4
13	10	pp-dp	6927254278878803	6927254279554160	675357	33554432	131338240
13	10	dp-pp	6927255550815146	6927256866314378	1315499232	54534144	33554432
13	10	pp-dp	6927256881256756	6927258867726111	1986469355	33554432	525352960
13	10	dp-pp	6927261615551361	6927261615554369	3008	218136576	33554432
13	10	pp-dp	6927261620458405	6927261623892050	3433645	33554432	4
13	10	dp-pp	6927261625959461	6927261625994790	35329	4	4
13	11	pp-dp	6927266597000550	6927266597668834	668284	33554432	131338240
13	11	dp-pp	6927267848733364	6927269185421450	1336688086	54534144	33554432
13	11	pp-dp	6927269198679584	6927271186818585	1988139001	33554432	525352960
13	11	dp-pp	6927274148549539	6927274148552259	2720	218136576	33554432
13	11	pp-dp	6927274155789434	6927274159230439	3441005	33554432	4
13	11	dp-pp	6927274159290598	6927274159325030	34432	4	4
13	12	pp-dp	6927279054500074	6927279055166534	666460	33554432	131338240
13	12	dp-pp	6927280333312929	6927281637905544	1304592615	54534144	33554432
13	12	pp-dp	6927281653365745	6927283641645090	1988279345	33554432	525352960
13	12	dp-pp	6927286604022577	6927286604034193	11616	218136576	33554432
13	12	pp-dp	6927286609059477	6927286612495233	3435756	33554432	4
13	12	dp-pp	6927286612569089	6927286612603297	34208	4	4
13	13	pp-dp	6927291492467585	6927291493140638	673053	33554432	131338240
13	13	dp-pp	6927292780346912	6927294087854481	1307507569	54534144	33554432
13	13	pp-dp	6927294103167451	6927296089770144	1986602693	33554432	525352960
13	13	dp-pp	6927298587067468	6927298587079147	11679	218136576	33554432
13	13	pp-dp	6927298597251986	6927298600688351	3436365	33554432	4
13	13	dp-pp	6927298602271350	6927298759085154	156813804	4	4
13	14	pp-dp	6927303664625987	6927303665297216	671229	33554432	131338240
13	14	dp-pp	6927304891839089	6927306258238641	1366399552	54534144	33554432
13	14	pp-dp	6927306272489280	6927308259157117	1986667837	33554432	525352960
13	14	dp-pp	6927310967839337	6927310967850121	10784	218136576	33554432
13	14	pp-dp	6927310974993537	6927310978432686	3439149	33554432	4
13	14	dp-pp	6927310978502893	6927311099405509	120902616	4	4
13	15	pp-dp	6927315969160795	6927315969837335	676540	33554432	131338240
13	15	dp-pp	6927317207916871	6927318567451262	1359534391	54534144	33554432
13	15	pp-dp	6927318581471855	6927320568432817	1986960962	33554432	525352960
13	15	dp-pp	6927323152668925	6927323152671133	2208	218136576	33554432
13	15	pp-dp	6927323160622832	6927323164070749	3447917	33554432	4
13	15	dp-pp	6927323165965330	6927323337077389	171112059	4	4
13	16	pp-dp	6927328312852212	6927328313523184	670972	33554432	131338240
13	16	dp-pp	6927329558370206	6927330929065680	1370695474	54534144	33554432
13	16	pp-dp	6927330942253735	6927332929570884	1987317149	33554432	525352960
13	16	dp-pp	6927335821569416	6927335821573032	3616	218136576	33554432
13	16	pp-dp	6927335828970366	6927335832407754	3437388	33554432	4
13	16	dp-pp	6927335832470569	6927335962267069	129796500	4	4
13	17	pp-dp	6927340897073110	6927340897742770	669660	33554432	131338240
13	17	dp-pp	6927342165556828	6927343502504413	1336947585	54534144	33554432
13	17	pp-dp	6927343515704723	6927345505361755	1989657032	33554432	525352960
13	17	dp-pp	6927348378697442	6927348378700546	3104	218136576	33554432
13	17	pp-dp	6927348384553760	6927348387991469	3437709	33554432	4
13	17	dp-pp	6927348388058605	6927348543705725	155647120	4	4
13	18	pp-dp	6927353381459257	6927353382132886	673629	33554432	131338240
13	18	dp-pp	6927354633431035	6927355995876359	1362445324	54534144	33554432
13	18	pp-dp	6927356009800376	6927357997497968	1987697592	33554432	525352960
13	18	dp-pp	6927360728976723	6927360728989747	13024	218136576	33554432
13	18	pp-dp	6927360737118500	6927360740565073	3446573	33554432	4
13	18	dp-pp	6927360740629327	6927360771260769	30631442	4	4
13	19	pp-dp	6927365579992887	6927365580663251	670364	33554432	131338240
13	19	dp-pp	6927366857019079	6927368212774410	1355755331	54534144	33554432
13	19	pp-dp	6927368228119698	6927370217621814	1989502116	33554432	525352960
13	19	dp-pp	6927372951039042	6927372951051874	12832	218136576	33554432
13	19	pp-dp	6927372956370211	6927372959795760	3425549	33554432	4
13	19	dp-pp	6927372962173346	6927372962212898	39552	4	4
13	19	pp-dp	6927376233907385	6927376248392006	14484621	4	4
14	10	pp-dp	6927254278455722	6927254279128038	672316	33554432	131338240
14	10	dp-pp	6927255548848418	6927256866313467	1317465049	54534144	33554432
14	10	pp-dp	6927256879975368	6927258867726415	1987751047	33554432	525352960
14	10	dp-pp	6927261550930817	6927261550944225	13408	218136576	33554432
14	10	pp-dp	6927261558827090	6927261562257277	3430187	33554432	4
14	10	dp-pp	6927261562319612	6927261625993307	63673695	4	4
14	11	pp-dp	6927266598846383	6927266599518922	672539	33554432	131338240
14	11	dp-pp	6927267850469763	6927269185445652	1334975889	54534144	33554432
14	11	pp-dp	6927269199580160	6927271186825714	1987245554	33554432	525352960
14	11	dp-pp	6927274018612698	6927274018626171	13473	218136576	33554432
14	11	pp-dp	6927274026072654	6927274029506489	3433835	33554432	4
14	11	dp-pp	6927274029575481	6927274159323788	129748307	4	4
14	12	pp-dp	6927279053409727	6927279054078299	668572	33554432	131338240
14	12	dp-pp	6927280331956421	6927281637904867	1305948446	54534144	33554432
14	12	pp-dp	6927281652594646	6927283641650328	1989055682	33554432	525352960
14	12	dp-pp	6927286482652513	6927286482655169	2656	218136576	33554432
14	12	pp-dp	6927286489807894	6927286493248450	3440556	33554432	4
14	12	dp-pp	6927286493313378	6927286612602039	119288661	4	4
14	13	pp-dp	6927291491073391	6927291491743084	669693	33554432	131338240
14	13	dp-pp	6927292755272366	6927294087877997	1332605631	54534144	33554432
14	13	pp-dp	6927294102013885	6927296089769593	1987755708	33554432	525352960
14	13	dp-pp	6927298732758446	6927298732760366	1920	218136576	33554432
14	13	pp-dp	6927298737899375	6927298741342747	3443372	33554432	4
14	13	dp-pp	6927298741397147	6927298759083633	17686486	4	4
14	14	pp-dp	6927303665858628	6927303666530849	672221	33554432	131338240
14	14	dp-pp	6927304923248630	6927306258258044	1335009414	54534144	33554432
14	14	pp-dp	6927306272633677	6927308259146942	1986513265	33554432	525352960
14	14	dp-pp	6927311079965493	6927311079967093	1600	218136576	33554432
14	14	pp-dp	6927311085306293	6927311088744832	3438539	33554432	4
14	14	dp-pp	6927311090892692	6927311099404449	8511757	4	4
14	15	pp-dp	6927315968294581	6927315968970609	676028	33554432	131338240
14	15	dp-pp	6927317219037662	6927318567461548	1348423886	54534144	33554432
14	15	pp-dp	6927318582167156	6927320568435939	1986268783	33554432	525352960
14	15	dp-pp	6927323326254509	6927323326265966	11457	218136576	33554432
14	15	pp-dp	6927323331384815	6927323334824763	3439948	33554432	4
14	15	dp-pp	6927323337040462	6927323337076301	35839	4	4
14	16	pp-dp	6927328311803272	6927328312476612	673340	33554432	131338240
14	16	dp-pp	6927329572791415	6927330929079811	1356288396	54534144	33554432
14	16	pp-dp	6927330944121823	6927332929570441	1985448618	33554432	525352960
14	16	dp-pp	6927335820200031	6927335820203935	3904	218136576	33554432
14	16	pp-dp	6927335827442291	6927335830868702	3426411	33554432	4
14	16	dp-pp	6927335830937150	6927335962266466	131329316	4	4
14	17	pp-dp	6927340898647745	6927340899323133	675388	33554432	131338240
14	17	dp-pp	6927342157934974	6927343502524636	1344589662	54534144	33554432
14	17	pp-dp	6927343517371779	6927345505359224	1987987445	33554432	525352960
14	17	dp-pp	6927348383142782	6927348383146174	3392	218136576	33554432
14	17	pp-dp	6927348390371348	6927348393808191	3436843	33554432	4
14	17	dp-pp	6927348393884479	6927348543704783	149820304	4	4
14	18	pp-dp	6927353382020902	6927353382697986	677084	33554432	131338240
14	18	dp-pp	6927354644973403	6927355995905570	1350932167	54534144	33554432
14	18	pp-dp	6927356009553584	6927357997494163	1987940579	33554432	525352960
14	18	dp-pp	6927360762678657	6927360762692225	13568	218136576	33554432
14	18	pp-dp	6927360767726915	6927360771166350	3439435	33554432	4
14	18	dp-pp	6927360771224366	6927360771259725	35359	4	4
14	19	pp-dp	6927365580758258	6927365581429454	671196	33554432	131338240
14	19	dp-pp	6927366858381602	6927368212796844	1354415242	54534144	33554432
14	19	pp-dp	6927368227412405	6927370217624081	1990211676	33554432	525352960
14	19	dp-pp	6927372946953751	6927372946957783	4032	218136576	33554432
14	19	pp-dp	6927372954762024	6927372958192372	3430348	33554432	4
14	19	dp-pp	6927372958259059	6927372962211612	3952553	4	4
14	19	pp-dp	6927376233917800	6927376248320690	14402890	4	4
15	10	pp-dp	6927254277250746	6927254277925464	674718	33554432	131338240
15	10	dp-pp	6927255504035022	6927256866338016	1362302994	54534144	33554432
15	10	pp-dp	6927256879792825	6927258867726941	1987934116	33554432	525352960
15	10	dp-pp	6927261453166613	6927261453180149	13536	218136576	33554432
15	10	pp-dp	6927261461302751	6927261464732469	3429718	33554432	4
15	10	dp-pp	6927261464795509	6927261625992947	161197438	4	4
15	11	pp-dp	6927266599874029	6927266600543243	669214	33554432	131338240
15	11	dp-pp	6927267846110925	6927269185350708	1339239783	54534144	33554432
15	11	pp-dp	6927269200180747	6927271186820998	1986640251	33554432	525352960
15	11	dp-pp	6927274002482699	6927274002495691	12992	218136576	33554432
15	11	pp-dp	6927274010148950	6927274013587692	3438742	33554432	4
15	11	dp-pp	6927274013895276	6927274159323542	145428266	4	4
15	12	pp-dp	6927279051866333	6927279052532571	666238	33554432	131338240
15	12	dp-pp	6927280275268144	6927281637918302	1362650158	54534144	33554432
15	12	pp-dp	6927281652067511	6927283641647663	1989580152	33554432	525352960
15	12	dp-pp	6927286469102417	6927286469104273	1856	218136576	33554432
15	12	pp-dp	6927286474702273	6927286478144440	3442167	33554432	4
15	12	dp-pp	6927286479855027	6927286612601356	132746329	4	4
15	13	pp-dp	6927291490676888	6927291491345078	668190	33554432	131338240
15	13	dp-pp	6927292733316583	6927294087880923	1354564340	54534144	33554432
15	13	pp-dp	6927294101595412	6927296089770711	1988175299	33554432	525352960
15	13	dp-pp	6927298608378902	6927298608381430	2528	218136576	33554432
15	13	pp-dp	6927298615749698	6927298619186904	3437206	33554432	4
15	13	dp-pp	6927298620302997	6927298759082870	138779873	4	4
15	14	pp-dp	6927303665497610	6927303666166824	669214	33554432	131338240
15	14	dp-pp	6927304893027243	6927306258185383	1365158140	54534144	33554432
15	14	pp-dp	6927306271083397	6927308259153729	1988070332	33554432	525352960
15	14	dp-pp	6927310926495013	6927310926506852	11839	218136576	33554432
15	14	pp-dp	6927310933922928	6927310937363942	3441014	33554432	4
15	14	dp-pp	6927310938211076	6927311099404232	161193156	4	4
15	15	pp-dp	6927315966587038	6927315967255868	668830	33554432	131338240
15	15	dp-pp	6927317210324247	6927318567454426	1357130179	54534144	33554432
15	15	pp-dp	6927318582015153	6927320568427788	1986412635	33554432	525352960
15	15	dp-pp	6927323175565134	6927323175576877	11743	218136576	33554432
15	15	pp-dp	6927323182874329	6927323186316816	3442487	33554432	4
15	15	dp-pp	6927323186956430	6927323337075378	150118948	4	4
15	16	pp-dp	6927328311442619	6927328312113337	670718	33554432	131338240
15	16	dp-pp	6927329559246221	6927330929029452	1369783231	54534144	33554432
15	16	pp-dp	6927330942489382	6927332929572117	1987082735	33554432	525352960
15	16	dp-pp	6927335804387996	6927335804402108	14112	218136576	33554432
15	16	pp-dp	6927335810373772	6927335813798562	3424790	33554432	4
15	16	dp-pp	6927335815920252	6927335962265418	146345166	4	4
15	17	pp-dp	6927340899840800	6927340900509150	668350	33554432	131338240
15	17	dp-pp	6927342128561193	6927343502441530	1373880337	54534144	33554432
15	17	pp-dp	6927343515726933	6927345505361432	1989634499	33554432	525352960
15	17	dp-pp	6927348366412217	6927348366416345	4128	218136576	33554432
15	17	pp-dp	6927348373758501	6927348377197499	3438998	33554432	4
15	17	dp-pp	6927348377265019	6927348543703377	166438358	4	4
15	18	pp-dp	6927353381583404	6927353382253834	670430	33554432	131338240
15	18	dp-pp	6927354630278872	6927355995910108	1365631236	54534144	33554432
15	18	pp-dp	6927356009057271	6927357997500003	1988442732	33554432	525352960
15	18	dp-pp	6927360608332257	6927360608335553	3296	218136576	33554432
15	18	pp-dp	6927360615771721	6927360619199165	3427444	33554432	4
15	18	dp-pp	6927360619795931	6927360771259710	151463779	4	4
15	19	pp-dp	6927365580913689	6927365581583064	669375	33554432	131338240
15	19	dp-pp	6927366850965695	6927368212718614	1361752919	54534144	33554432
15	19	pp-dp	6927368226440881	6927370217622293	1991181412	33554432	525352960
15	19	dp-pp	6927372787653210	6927372787656922	3712	218136576	33554432
15	19	pp-dp	6927372795146853	6927372798580059	3433206	33554432	4
15	19	dp-pp	6927372798648475	6927372962210576	163562101	4	4
15	19	pp-dp	6927376233417150	6927376247796982	14379832	4	4
