iteration	parallelism_type	start_ts	end_ts	duration_ns	kernel_name	collective_name	in_msg_nelems	group_desc	group_ranks	dtype	bytes
10	PP	-1490116880	0	1490116880	ncclDevKernel_SendRecv(ncclDevKernelArgsStorage<4096ul>)						33554432
10	DP	669474	149040751	148371277	ncclDevKernel_AllGather_RING_LL(ncclDevKernelArgsStorage<4096ul>)	_allgather_base	65669120.0	mesh_dp_shard	[8, 12]	BFloat16	131338240
10	DP	149042895	203284733	54241838	ncclDevKernel_AllGather_RING_LL(ncclDevKernelArgsStorage<4096ul>)	_allgather_base	27267072.0	mesh_dp_shard	[8, 12]	BFloat16	54534144
10	DP	203286426	275675826	72389400	ncclDevKernel_AllGather_RING_LL(ncclDevKernelArgsStorage<4096ul>)	_allgather_base	27267072.0	mesh_dp_shard	[8, 12]	BFloat16	54534144
10	DP	275677906	348917483	73239577	ncclDevKernel_AllGather_RING_LL(ncclDevKernelArgsStorage<4096ul>)	_allgather_base	27267072.0	mesh_dp_shard	[8, 12]	BFloat16	54534144
10	DP	348920075	421335298	72415223	ncclDevKernel_AllGather_RING_LL(ncclDevKernelArgsStorage<4096ul>)	_allgather_base	27267072.0	mesh_dp_shard	[8, 12]	BFloat16	54534144
10	DP	421338178	493011224	71673046	ncclDevKernel_AllGather_RING_LL(ncclDevKernelArgsStorage<4096ul>)	_allgather_base	27267072.0	mesh_dp_shard	[8, 12]	BFloat16	54534144
10	DP	493014872	565321647	72306775	ncclDevKernel_AllGather_RING_LL(ncclDevKernelArgsStorage<4096ul>)	_allgather_base	27267072.0	mesh_dp_shard	[8, 12]	BFloat16	54534144
10	DP	565358991	637170437	71811446	ncclDevKernel_AllGather_RING_LL(ncclDevKernelArgsStorage<4096ul>)	_allgather_base	27267072.0	mesh_dp_shard	[8, 12]	BFloat16	54534144
10	DP	637188197	711941857	74753660	ncclDevKernel_AllGather_RING_LL(ncclDevKernelArgsStorage<4096ul>)	_allgather_base	27267072.0	mesh_dp_shard	[8, 12]	BFloat16	54534144
10	DP	711946786	785550683	73603897	ncclDevKernel_AllGather_RING_LL(ncclDevKernelArgsStorage<4096ul>)	_allgather_base	27267072.0	mesh_dp_shard	[8, 12]	BFloat16	54534144
10	DP	785554747	858609652	73054905	ncclDevKernel_AllGather_RING_LL(ncclDevKernelArgsStorage<4096ul>)	_allgather_base	27267072.0	mesh_dp_shard	[8, 12]	BFloat16	54534144
10	DP	858611380	932824559	74213179	ncclDevKernel_AllGather_RING_LL(ncclDevKernelArgsStorage<4096ul>)	_allgather_base	27267072.0	mesh_dp_shard	[8, 12]	BFloat16	54534144
10	DP	932826127	1005169030	72342903	ncclDevKernel_AllGather_RING_LL(ncclDevKernelArgsStorage<4096ul>)	_allgather_base	27267072.0	mesh_dp_shard	[8, 12]	BFloat16	54534144
10	DP	1005171142	1075740474	70569332	ncclDevKernel_AllGather_RING_LL(ncclDevKernelArgsStorage<4096ul>)	_allgather_base	27267072.0	mesh_dp_shard	[8, 12]	BFloat16	54534144
10	DP	1075742298	1148269745	72527447	ncclDevKernel_AllGather_RING_LL(ncclDevKernelArgsStorage<4096ul>)	_allgather_base	27267072.0	mesh_dp_shard	[8, 12]	BFloat16	54534144
10	DP	1148276369	1219084069	70807700	ncclDevKernel_AllGather_RING_LL(ncclDevKernelArgsStorage<4096ul>)	_allgather_base	27267072.0	mesh_dp_shard	[8, 12]	BFloat16	54534144
10	DP	1219088517	1283163659	64075142	ncclDevKernel_AllGather_RING_LL(ncclDevKernelArgsStorage<4096ul>)	_allgather_base	27267072.0	mesh_dp_shard	[8, 12]	BFloat16	54534144
10	PP	2587777489	2602548879	14771390	ncclDevKernel_SendRecv(ncclDevKernelArgsStorage<4096ul>)						33554432
10	DP	4594560982	4943744950	349183968	ncclDevKernel_ReduceScatter_Sum_f32_RING_LL(ncclDevKernelArgsStorage<4096ul>)	_reduce_scatter_base	131338240.0	mesh_dp_shard	[8, 12]	Float	525352960
10	DP	4944113079	5089775978	145662899	ncclDevKernel_ReduceScatter_Sum_f32_RING_LL(ncclDevKernelArgsStorage<4096ul>)	_reduce_scatter_base	54534144.0	mesh_dp_shard	[8, 12]	Float	218136576
10	DP	5090130123	5236119167	145989044	ncclDevKernel_ReduceScatter_Sum_f32_RING_LL(ncclDevKernelArgsStorage<4096ul>)	_reduce_scatter_base	54534144.0	mesh_dp_shard	[8, 12]	Float	218136576
10	DP	5236467167	5380029934	143562767	ncclDevKernel_ReduceScatter_Sum_f32_RING_LL(ncclDevKernelArgsStorage<4096ul>)	_reduce_scatter_base	54534144.0	mesh_dp_shard	[8, 12]	Float	218136576
10	DP	5380399790	5526268354	145868564	ncclDevKernel_ReduceScatter_Sum_f32_RING_LL(ncclDevKernelArgsStorage<4096ul>)	_reduce_scatter_base	54534144.0	mesh_dp_shard	[8, 12]	Float	218136576
10	DP	5526631075	5672709718	146078643	ncclDevKernel_ReduceScatter_Sum_f32_RING_LL(ncclDevKernelArgsStorage<4096ul>)	_reduce_scatter_base	54534144.0	mesh_dp_shard	[8, 12]	Float	218136576
10	DP	5673065847	5819944429	146878582	ncclDevKernel_ReduceScatter_Sum_f32_RING_LL(ncclDevKernelArgsStorage<4096ul>)	_reduce_scatter_base	54534144.0	mesh_dp_shard	[8, 12]	Float	218136576
10	DP	5820301614	5965358367	145056753	ncclDevKernel_ReduceScatter_Sum_f32_RING_LL(ncclDevKernelArgsStorage<4096ul>)	_reduce_scatter_base	54534144.0	mesh_dp_shard	[8, 12]	Float	218136576
10	DP	5965731296	6111233875	145502579	ncclDevKernel_ReduceScatter_Sum_f32_RING_LL(ncclDevKernelArgsStorage<4096ul>)	_reduce_scatter_base	54534144.0	mesh_dp_shard	[8, 12]	Float	218136576
10	DP	6111592468	6257671431	146078963	ncclDevKernel_ReduceScatter_Sum_f32_RING_LL(ncclDevKernelArgsStorage<4096ul>)	_reduce_scatter_base	54534144.0	mesh_dp_shard	[8, 12]	Float	218136576
10	DP	6258038216	6404530941	146492725	ncclDevKernel_ReduceScatter_Sum_f32_RING_LL(ncclDevKernelArgsStorage<4096ul>)	_reduce_scatter_base	54534144.0	mesh_dp_shard	[8, 12]	Float	218136576
10	DP	6404886878	6552109908	147223030	ncclDevKernel_ReduceScatter_Sum_f32_RING_LL(ncclDevKernelArgsStorage<4096ul>)	_reduce_scatter_base	54534144.0	mesh_dp_shard	[8, 12]	Float	218136576
10	DP	6552468725	6699225130	146756405	ncclDevKernel_ReduceScatter_Sum_f32_RING_LL(ncclDevKernelArgsStorage<4096ul>)	_reduce_scatter_base	54534144.0	mesh_dp_shard	[8, 12]	Float	218136576
10	DP	6699580427	6845300924	145720497	ncclDevKernel_ReduceScatter_Sum_f32_RING_LL(ncclDevKernelArgsStorage<4096ul>)	_reduce_scatter_base	54534144.0	mesh_dp_shard	[8, 12]	Float	218136576
10	DP	6845658301	6994593237	148934936	ncclDevKernel_ReduceScatter_Sum_f32_RING_LL(ncclDevKernelArgsStorage<4096ul>)	_reduce_scatter_base	54534144.0	mesh_dp_shard	[8, 12]	Float	218136576
10	DP	6994949238	7140397255	145448017	ncclDevKernel_ReduceScatter_Sum_f32_RING_LL(ncclDevKernelArgsStorage<4096ul>)	_reduce_scatter_base	54534144.0	mesh_dp_shard	[8, 12]	Float	218136576
10	DP	7140747880	7288040413	147292533	ncclDevKernel_ReduceScatter_Sum_f32_RING_LL(ncclDevKernelArgsStorage<4096ul>)	_reduce_scatter_base	54534144.0	mesh_dp_shard	[8, 12]	Float	218136576
10	PP	7288044381	7293299464	5255083	ncclDevKernel_SendRecv(ncclDevKernelArgsStorage<4096ul>)						33554432
10	DP	7296739407	7298748243	2008836	ncclDevKernel_AllReduce_Sum_f32_RING_LL(ncclDevKernelArgsStorage<4096ul>)	allreduce	1.0	mesh_dp_shard	[8, 12]	Float	4
10	PP	7348089243	10790407694	3442318451	ncclDevKernel_AllReduce_Sum_f32_RING_LL(ncclDevKernelArgsStorage<4096ul>)	allreduce	1.0	mesh_pp	[0, 8]	Float	4
11	PP	-1515067242	0	1515067242	ncclDevKernel_SendRecv(ncclDevKernelArgsStorage<4096ul>)						33554432
11	DP	670209	160647121	159976912	ncclDevKernel_AllGather_RING_LL(ncclDevKernelArgsStorage<4096ul>)	_allgather_base	65669120.0	mesh_dp_shard	[8, 12]	BFloat16	131338240
11	DP	160648817	214876866	54228049	ncclDevKernel_AllGather_RING_LL(ncclDevKernelArgsStorage<4096ul>)	_allgather_base	27267072.0	mesh_dp_shard	[8, 12]	BFloat16	54534144
11	DP	214878466	285699735	70821269	ncclDevKernel_AllGather_RING_LL(ncclDevKernelArgsStorage<4096ul>)	_allgather_base	27267072.0	mesh_dp_shard	[8, 12]	BFloat16	54534144
11	DP	285701815	355138280	69436465	ncclDevKernel_AllGather_RING_LL(ncclDevKernelArgsStorage<4096ul>)	_allgather_base	27267072.0	mesh_dp_shard	[8, 12]	BFloat16	54534144
11	DP	355142856	427172255	72029399	ncclDevKernel_AllGather_RING_LL(ncclDevKernelArgsStorage<4096ul>)	_allgather_base	27267072.0	mesh_dp_shard	[8, 12]	BFloat16	54534144
11	DP	427178143	497518067	70339924	ncclDevKernel_AllGather_RING_LL(ncclDevKernelArgsStorage<4096ul>)	_allgather_base	27267072.0	mesh_dp_shard	[8, 12]	BFloat16	54534144
11	DP	497522771	570904717	73381946	ncclDevKernel_AllGather_RING_LL(ncclDevKernelArgsStorage<4096ul>)	_allgather_base	27267072.0	mesh_dp_shard	[8, 12]	BFloat16	54534144
11	DP	570908237	640985056	70076819	ncclDevKernel_AllGather_RING_LL(ncclDevKernelArgsStorage<4096ul>)	_allgather_base	27267072.0	mesh_dp_shard	[8, 12]	BFloat16	54534144
11	DP	640988928	713657208	72668280	ncclDevKernel_AllGather_RING_LL(ncclDevKernelArgsStorage<4096ul>)	_allgather_base	27267072.0	mesh_dp_shard	[8, 12]	BFloat16	54534144
11	DP	713661624	790619065	76957441	ncclDevKernel_AllGather_RING_LL(ncclDevKernelArgsStorage<4096ul>)	_allgather_base	27267072.0	mesh_dp_shard	[8, 12]	BFloat16	54534144
11	DP	790622937	864159028	73536091	ncclDevKernel_AllGather_RING_LL(ncclDevKernelArgsStorage<4096ul>)	_allgather_base	27267072.0	mesh_dp_shard	[8, 12]	BFloat16	54534144
11	DP	864171060	936596396	72425336	ncclDevKernel_AllGather_RING_LL(ncclDevKernelArgsStorage<4096ul>)	_allgather_base	27267072.0	mesh_dp_shard	[8, 12]	BFloat16	54534144
11	DP	936604012	1006528191	69924179	ncclDevKernel_AllGather_RING_LL(ncclDevKernelArgsStorage<4096ul>)	_allgather_base	27267072.0	mesh_dp_shard	[8, 12]	BFloat16	54534144
11	DP	1006540318	1083993985	77453667	ncclDevKernel_AllGather_RING_LL(ncclDevKernelArgsStorage<4096ul>)	_allgather_base	27267072.0	mesh_dp_shard	[8, 12]	BFloat16	54534144
11	DP	1083998529	1153986900	69988371	ncclDevKernel_AllGather_RING_LL(ncclDevKernelArgsStorage<4096ul>)	_allgather_base	27267072.0	mesh_dp_shard	[8, 12]	BFloat16	54534144
11	DP	1154008948	1221376705	67367757	ncclDevKernel_AllGather_RING_LL(ncclDevKernelArgsStorage<4096ul>)	_allgather_base	27267072.0	mesh_dp_shard	[8, 12]	BFloat16	54534144
11	DP	1221380577	1285062343	63681766	ncclDevKernel_AllGather_RING_LL(ncclDevKernelArgsStorage<4096ul>)	_allgather_base	27267072.0	mesh_dp_shard	[8, 12]	BFloat16	54534144
11	PP	2587896271	2603491184	15594913	ncclDevKernel_SendRecv(ncclDevKernelArgsStorage<4096ul>)						33554432
11	DP	4595063183	4943815801	348752618	ncclDevKernel_ReduceScatter_Sum_f32_RING_LL(ncclDevKernelArgsStorage<4096ul>)	_reduce_scatter_base	131338240.0	mesh_dp_shard	[8, 12]	Float	525352960
11	DP	4944177626	5089203778	145026152	ncclDevKernel_ReduceScatter_Sum_f32_RING_LL(ncclDevKernelArgsStorage<4096ul>)	_reduce_scatter_base	54534144.0	mesh_dp_shard	[8, 12]	Float	218136576
11	DP	5089564931	5238626580	149061649	ncclDevKernel_ReduceScatter_Sum_f32_RING_LL(ncclDevKernelArgsStorage<4096ul>)	_reduce_scatter_base	54534144.0	mesh_dp_shard	[8, 12]	Float	218136576
11	DP	5238975509	5385732033	146756524	ncclDevKernel_ReduceScatter_Sum_f32_RING_LL(ncclDevKernelArgsStorage<4096ul>)	_reduce_scatter_base	54534144.0	mesh_dp_shard	[8, 12]	Float	218136576
11	DP	5386084034	5534539186	148455152	ncclDevKernel_ReduceScatter_Sum_f32_RING_LL(ncclDevKernelArgsStorage<4096ul>)	_reduce_scatter_base	54534144.0	mesh_dp_shard	[8, 12]	Float	218136576
11	DP	5534894898	5681739263	146844365	ncclDevKernel_ReduceScatter_Sum_f32_RING_LL(ncclDevKernelArgsStorage<4096ul>)	_reduce_scatter_base	54534144.0	mesh_dp_shard	[8, 12]	Float	218136576
11	DP	5682094688	5828969772	146875084	ncclDevKernel_ReduceScatter_Sum_f32_RING_LL(ncclDevKernelArgsStorage<4096ul>)	_reduce_scatter_base	54534144.0	mesh_dp_shard	[8, 12]	Float	218136576
11	DP	5829328045	5976625115	147297070	ncclDevKernel_ReduceScatter_Sum_f32_RING_LL(ncclDevKernelArgsStorage<4096ul>)	_reduce_scatter_base	54534144.0	mesh_dp_shard	[8, 12]	Float	218136576
11	DP	5976980411	6123840168	146859757	ncclDevKernel_ReduceScatter_Sum_f32_RING_LL(ncclDevKernelArgsStorage<4096ul>)	_reduce_scatter_base	54534144.0	mesh_dp_shard	[8, 12]	Float	218136576
11	DP	6130134869	6278171555	148036686	ncclDevKernel_ReduceScatter_Sum_f32_RING_LL(ncclDevKernelArgsStorage<4096ul>)	_reduce_scatter_base	54534144.0	mesh_dp_shard	[8, 12]	Float	218136576
11	DP	6293573539	6441552728	147979189	ncclDevKernel_ReduceScatter_Sum_f32_RING_LL(ncclDevKernelArgsStorage<4096ul>)	_reduce_scatter_base	54534144.0	mesh_dp_shard	[8, 12]	Float	218136576
11	DP	6457565786	6605181999	147616213	ncclDevKernel_ReduceScatter_Sum_f32_RING_LL(ncclDevKernelArgsStorage<4096ul>)	_reduce_scatter_base	54534144.0	mesh_dp_shard	[8, 12]	Float	218136576
11	DP	6621951314	6770467369	148516055	ncclDevKernel_ReduceScatter_Sum_f32_RING_LL(ncclDevKernelArgsStorage<4096ul>)	_reduce_scatter_base	54534144.0	mesh_dp_shard	[8, 12]	Float	218136576
11	DP	6785830345	6933391934	147561589	ncclDevKernel_ReduceScatter_Sum_f32_RING_LL(ncclDevKernelArgsStorage<4096ul>)	_reduce_scatter_base	54534144.0	mesh_dp_shard	[8, 12]	Float	218136576
11	DP	6947571516	7096283124	148711608	ncclDevKernel_ReduceScatter_Sum_f32_RING_LL(ncclDevKernelArgsStorage<4096ul>)	_reduce_scatter_base	54534144.0	mesh_dp_shard	[8, 12]	Float	218136576
11	DP	7110595826	7257402213	146806387	ncclDevKernel_ReduceScatter_Sum_f32_RING_LL(ncclDevKernelArgsStorage<4096ul>)	_reduce_scatter_base	54534144.0	mesh_dp_shard	[8, 12]	Float	218136576
11	DP	7273341671	7417352756	144011085	ncclDevKernel_ReduceScatter_Sum_f32_RING_LL(ncclDevKernelArgsStorage<4096ul>)	_reduce_scatter_base	54534144.0	mesh_dp_shard	[8, 12]	Float	218136576
11	PP	7417365428	7424734724	7369296	ncclDevKernel_SendRecv(ncclDevKernelArgsStorage<4096ul>)						33554432
11	DP	7428180587	7428190571	9984	ncclDevKernel_AllReduce_Sum_f32_RING_LL(ncclDevKernelArgsStorage<4096ul>)	allreduce	1.0	mesh_dp_shard	[8, 12]	Float	4
11	PP	7561038401	10922731107	3361692706	ncclDevKernel_AllReduce_Sum_f32_RING_LL(ncclDevKernelArgsStorage<4096ul>)	allreduce	1.0	mesh_pp	[0, 8]	Float	4
12	PP	-1517822732	0	1517822732	ncclDevKernel_SendRecv(ncclDevKernelArgsStorage<4096ul>)						33554432
12	DP	671137	138646274	137975137	ncclDevKernel_AllGather_RING_LL(ncclDevKernelArgsStorage<4096ul>)	_allgather_base	65669120.0	mesh_dp_shard	[8, 12]	BFloat16	131338240
12	DP	138647842	192976340	54328498	ncclDevKernel_AllGather_RING_LL(ncclDevKernelArgsStorage<4096ul>)	_allgather_base	27267072.0	mesh_dp_shard	[8, 12]	BFloat16	54534144
12	DP	192977620	260914530	67936910	ncclDevKernel_AllGather_RING_LL(ncclDevKernelArgsStorage<4096ul>)	_allgather_base	27267072.0	mesh_dp_shard	[8, 12]	BFloat16	54534144
12	DP	260932963	333378298	72445335	ncclDevKernel_AllGather_RING_LL(ncclDevKernelArgsStorage<4096ul>)	_allgather_base	27267072.0	mesh_dp_shard	[8, 12]	BFloat16	54534144
12	DP	333394491	404601520	71207029	ncclDevKernel_AllGather_RING_LL(ncclDevKernelArgsStorage<4096ul>)	_allgather_base	27267072.0	mesh_dp_shard	[8, 12]	BFloat16	54534144
12	DP	404627727	474291106	69663379	ncclDevKernel_AllGather_RING_LL(ncclDevKernelArgsStorage<4096ul>)	_allgather_base	27267072.0	mesh_dp_shard	[8, 12]	BFloat16	54534144
12	DP	474296225	544323284	70027059	ncclDevKernel_AllGather_RING_LL(ncclDevKernelArgsStorage<4096ul>)	_allgather_base	27267072.0	mesh_dp_shard	[8, 12]	BFloat16	54534144
12	DP	544327508	613999558	69672050	ncclDevKernel_AllGather_RING_LL(ncclDevKernelArgsStorage<4096ul>)	_allgather_base	27267072.0	mesh_dp_shard	[8, 12]	BFloat16	54534144
12	DP	614015430	684614266	70598836	ncclDevKernel_AllGather_RING_LL(ncclDevKernelArgsStorage<4096ul>)	_allgather_base	27267072.0	mesh_dp_shard	[8, 12]	BFloat16	54534144
12	DP	684617210	755238254	70621044	ncclDevKernel_AllGather_RING_LL(ncclDevKernelArgsStorage<4096ul>)	_allgather_base	27267072.0	mesh_dp_shard	[8, 12]	BFloat16	54534144
12	DP	755240846	828236359	72995513	ncclDevKernel_AllGather_RING_LL(ncclDevKernelArgsStorage<4096ul>)	_allgather_base	27267072.0	mesh_dp_shard	[8, 12]	BFloat16	54534144
12	DP	828239335	900570846	72331511	ncclDevKernel_AllGather_RING_LL(ncclDevKernelArgsStorage<4096ul>)	_allgather_base	27267072.0	mesh_dp_shard	[8, 12]	BFloat16	54534144
12	DP	900572799	967877355	67304556	ncclDevKernel_AllGather_RING_LL(ncclDevKernelArgsStorage<4096ul>)	_allgather_base	27267072.0	mesh_dp_shard	[8, 12]	BFloat16	54534144
12	DP	967881163	1039783074	71901911	ncclDevKernel_AllGather_RING_LL(ncclDevKernelArgsStorage<4096ul>)	_allgather_base	27267072.0	mesh_dp_shard	[8, 12]	BFloat16	54534144
12	DP	1039787106	1108968243	69181137	ncclDevKernel_AllGather_RING_LL(ncclDevKernelArgsStorage<4096ul>)	_allgather_base	27267072.0	mesh_dp_shard	[8, 12]	BFloat16	54534144
12	DP	1108971699	1180739913	71768214	ncclDevKernel_AllGather_RING_LL(ncclDevKernelArgsStorage<4096ul>)	_allgather_base	27267072.0	mesh_dp_shard	[8, 12]	BFloat16	54534144
12	DP	1180743465	1245031280	64287815	ncclDevKernel_AllGather_RING_LL(ncclDevKernelArgsStorage<4096ul>)	_allgather_base	27267072.0	mesh_dp_shard	[8, 12]	BFloat16	54534144
12	PP	2585082019	2599109664	14027645	ncclDevKernel_SendRecv(ncclDevKernelArgsStorage<4096ul>)						33554432
12	DP	4592698007	4907114149	314416142	ncclDevKernel_ReduceScatter_Sum_f32_RING_LL(ncclDevKernelArgsStorage<4096ul>)	_reduce_scatter_base	131338240.0	mesh_dp_shard	[8, 12]	Float	525352960
12	DP	4907465990	5020716178	113250188	ncclDevKernel_ReduceScatter_Sum_f32_RING_LL(ncclDevKernelArgsStorage<4096ul>)	_reduce_scatter_base	54534144.0	mesh_dp_shard	[8, 12]	Float	218136576
12	DP	5021072723	5134919392	113846669	ncclDevKernel_ReduceScatter_Sum_f32_RING_LL(ncclDevKernelArgsStorage<4096ul>)	_reduce_scatter_base	54534144.0	mesh_dp_shard	[8, 12]	Float	218136576
12	DP	5153088806	5266613810	113525004	ncclDevKernel_ReduceScatter_Sum_f32_RING_LL(ncclDevKernelArgsStorage<4096ul>)	_reduce_scatter_base	54534144.0	mesh_dp_shard	[8, 12]	Float	218136576
12	DP	5316057241	5429959591	113902350	ncclDevKernel_ReduceScatter_Sum_f32_RING_LL(ncclDevKernelArgsStorage<4096ul>)	_reduce_scatter_base	54534144.0	mesh_dp_shard	[8, 12]	Float	218136576
12	DP	5479074573	5594780894	115706321	ncclDevKernel_ReduceScatter_Sum_f32_RING_LL(ncclDevKernelArgsStorage<4096ul>)	_reduce_scatter_base	54534144.0	mesh_dp_shard	[8, 12]	Float	218136576
12	DP	5639880764	5753538728	113657964	ncclDevKernel_ReduceScatter_Sum_f32_RING_LL(ncclDevKernelArgsStorage<4096ul>)	_reduce_scatter_base	54534144.0	mesh_dp_shard	[8, 12]	Float	218136576
12	DP	5803128112	5921504038	118375926	ncclDevKernel_ReduceScatter_Sum_f32_RING_LL(ncclDevKernelArgsStorage<4096ul>)	_reduce_scatter_base	54534144.0	mesh_dp_shard	[8, 12]	Float	218136576
12	DP	5966515236	6082269301	115754065	ncclDevKernel_ReduceScatter_Sum_f32_RING_LL(ncclDevKernelArgsStorage<4096ul>)	_reduce_scatter_base	54534144.0	mesh_dp_shard	[8, 12]	Float	218136576
12	DP	6129304697	6244728907	115424210	ncclDevKernel_ReduceScatter_Sum_f32_RING_LL(ncclDevKernelArgsStorage<4096ul>)	_reduce_scatter_base	54534144.0	mesh_dp_shard	[8, 12]	Float	218136576
12	DP	6291136236	6407427199	116290963	ncclDevKernel_ReduceScatter_Sum_f32_RING_LL(ncclDevKernelArgsStorage<4096ul>)	_reduce_scatter_base	54534144.0	mesh_dp_shard	[8, 12]	Float	218136576
12	DP	6456558726	6571595031	115036305	ncclDevKernel_ReduceScatter_Sum_f32_RING_LL(ncclDevKernelArgsStorage<4096ul>)	_reduce_scatter_base	54534144.0	mesh_dp_shard	[8, 12]	Float	218136576
12	DP	6620177789	6739969847	119792058	ncclDevKernel_ReduceScatter_Sum_f32_RING_LL(ncclDevKernelArgsStorage<4096ul>)	_reduce_scatter_base	54534144.0	mesh_dp_shard	[8, 12]	Float	218136576
12	DP	6784344148	6900856744	116512596	ncclDevKernel_ReduceScatter_Sum_f32_RING_LL(ncclDevKernelArgsStorage<4096ul>)	_reduce_scatter_base	54534144.0	mesh_dp_shard	[8, 12]	Float	218136576
12	DP	6946009286	7063807100	117797814	ncclDevKernel_ReduceScatter_Sum_f32_RING_LL(ncclDevKernelArgsStorage<4096ul>)	_reduce_scatter_base	54534144.0	mesh_dp_shard	[8, 12]	Float	218136576
12	DP	7112712611	7232401918	119689307	ncclDevKernel_ReduceScatter_Sum_f32_RING_LL(ncclDevKernelArgsStorage<4096ul>)	_reduce_scatter_base	54534144.0	mesh_dp_shard	[8, 12]	Float	218136576
12	DP	7278228253	7392710893	114482640	ncclDevKernel_ReduceScatter_Sum_f32_RING_LL(ncclDevKernelArgsStorage<4096ul>)	_reduce_scatter_base	54534144.0	mesh_dp_shard	[8, 12]	Float	218136576
12	PP	7392713132	7400493181	7780049	ncclDevKernel_SendRecv(ncclDevKernelArgsStorage<4096ul>)						33554432
12	DP	7403932804	7403942692	9888	ncclDevKernel_AllReduce_Sum_f32_RING_LL(ncclDevKernelArgsStorage<4096ul>)	allreduce	1.0	mesh_dp_shard	[8, 12]	Float	4
12	PP	7558684424	10906197088	3347512664	ncclDevKernel_AllReduce_Sum_f32_RING_LL(ncclDevKernelArgsStorage<4096ul>)	allreduce	1.0	mesh_pp	[0, 8]	Float	4
13	PP	-1515528929	0	1515528929	ncclDevKernel_SendRecv(ncclDevKernelArgsStorage<4096ul>)						33554432
13	DP	672033	139149209	138477176	ncclDevKernel_AllGather_RING_LL(ncclDevKernelArgsStorage<4096ul>)	_allgather_base	65669120.0	mesh_dp_shard	[8, 12]	BFloat16	131338240
13	DP	139151514	196180685	57029171	ncclDevKernel_AllGather_RING_LL(ncclDevKernelArgsStorage<4096ul>)	_allgather_base	27267072.0	mesh_dp_shard	[8, 12]	BFloat16	54534144
13	DP	196182669	266186427	70003758	ncclDevKernel_AllGather_RING_LL(ncclDevKernelArgsStorage<4096ul>)	_allgather_base	27267072.0	mesh_dp_shard	[8, 12]	BFloat16	54534144
13	DP	266189019	335392551	69203532	ncclDevKernel_AllGather_RING_LL(ncclDevKernelArgsStorage<4096ul>)	_allgather_base	27267072.0	mesh_dp_shard	[8, 12]	BFloat16	54534144
13	DP	335405543	407544410	72138867	ncclDevKernel_AllGather_RING_LL(ncclDevKernelArgsStorage<4096ul>)	_allgather_base	27267072.0	mesh_dp_shard	[8, 12]	BFloat16	54534144
13	DP	407548890	478974443	71425553	ncclDevKernel_AllGather_RING_LL(ncclDevKernelArgsStorage<4096ul>)	_allgather_base	27267072.0	mesh_dp_shard	[8, 12]	BFloat16	54534144
13	DP	478979562	550990269	72010707	ncclDevKernel_AllGather_RING_LL(ncclDevKernelArgsStorage<4096ul>)	_allgather_base	27267072.0	mesh_dp_shard	[8, 12]	BFloat16	54534144
13	DP	550994141	623257743	72263602	ncclDevKernel_AllGather_RING_LL(ncclDevKernelArgsStorage<4096ul>)	_allgather_base	27267072.0	mesh_dp_shard	[8, 12]	BFloat16	54534144
13	DP	623283759	695920834	72637075	ncclDevKernel_AllGather_RING_LL(ncclDevKernelArgsStorage<4096ul>)	_allgather_base	27267072.0	mesh_dp_shard	[8, 12]	BFloat16	54534144
13	DP	695923618	767132275	71208657	ncclDevKernel_AllGather_RING_LL(ncclDevKernelArgsStorage<4096ul>)	_allgather_base	27267072.0	mesh_dp_shard	[8, 12]	BFloat16	54534144
13	DP	767134611	839654021	72519410	ncclDevKernel_AllGather_RING_LL(ncclDevKernelArgsStorage<4096ul>)	_allgather_base	27267072.0	mesh_dp_shard	[8, 12]	BFloat16	54534144
13	DP	839655622	911470519	71814897	ncclDevKernel_AllGather_RING_LL(ncclDevKernelArgsStorage<4096ul>)	_allgather_base	27267072.0	mesh_dp_shard	[8, 12]	BFloat16	54534144
13	DP	911474999	982424743	70949744	ncclDevKernel_AllGather_RING_LL(ncclDevKernelArgsStorage<4096ul>)	_allgather_base	27267072.0	mesh_dp_shard	[8, 12]	BFloat16	54534144
13	DP	982428999	1050835762	68406763	ncclDevKernel_AllGather_RING_LL(ncclDevKernelArgsStorage<4096ul>)	_allgather_base	27267072.0	mesh_dp_shard	[8, 12]	BFloat16	54534144
13	DP	1050839762	1123015684	72175922	ncclDevKernel_AllGather_RING_LL(ncclDevKernelArgsStorage<4096ul>)	_allgather_base	27267072.0	mesh_dp_shard	[8, 12]	BFloat16	54534144
13	DP	1123041476	1192898898	69857422	ncclDevKernel_AllGather_RING_LL(ncclDevKernelArgsStorage<4096ul>)	_allgather_base	27267072.0	mesh_dp_shard	[8, 12]	BFloat16	54534144
13	DP	1192919922	1263497057	70577135	ncclDevKernel_AllGather_RING_LL(ncclDevKernelArgsStorage<4096ul>)	_allgather_base	27267072.0	mesh_dp_shard	[8, 12]	BFloat16	54534144
13	PP	2595284113	2609606831	14322718	ncclDevKernel_SendRecv(ncclDevKernelArgsStorage<4096ul>)						33554432
13	DP	4598990223	4948180893	349190670	ncclDevKernel_ReduceScatter_Sum_f32_RING_LL(ncclDevKernelArgsStorage<4096ul>)	_reduce_scatter_base	131338240.0	mesh_dp_shard	[8, 12]	Float	525352960
13	DP	4948539806	5092134598	143594792	ncclDevKernel_ReduceScatter_Sum_f32_RING_LL(ncclDevKernelArgsStorage<4096ul>)	_reduce_scatter_base	54534144.0	mesh_dp_shard	[8, 12]	Float	218136576
13	DP	5092488999	5237170897	144681898	ncclDevKernel_ReduceScatter_Sum_f32_RING_LL(ncclDevKernelArgsStorage<4096ul>)	_reduce_scatter_base	54534144.0	mesh_dp_shard	[8, 12]	Float	218136576
13	DP	5237533649	5381335705	143802056	ncclDevKernel_ReduceScatter_Sum_f32_RING_LL(ncclDevKernelArgsStorage<4096ul>)	_reduce_scatter_base	54534144.0	mesh_dp_shard	[8, 12]	Float	218136576
13	DP	5381699994	5527106249	145406255	ncclDevKernel_ReduceScatter_Sum_f32_RING_LL(ncclDevKernelArgsStorage<4096ul>)	_reduce_scatter_base	54534144.0	mesh_dp_shard	[8, 12]	Float	218136576
13	DP	5527460618	5671662583	144201965	ncclDevKernel_ReduceScatter_Sum_f32_RING_LL(ncclDevKernelArgsStorage<4096ul>)	_reduce_scatter_base	54534144.0	mesh_dp_shard	[8, 12]	Float	218136576
13	DP	5672018680	5815724805	143706125	ncclDevKernel_ReduceScatter_Sum_f32_RING_LL(ncclDevKernelArgsStorage<4096ul>)	_reduce_scatter_base	54534144.0	mesh_dp_shard	[8, 12]	Float	218136576
13	DP	5816080006	5959157841	143077835	ncclDevKernel_ReduceScatter_Sum_f32_RING_LL(ncclDevKernelArgsStorage<4096ul>)	_reduce_scatter_base	54534144.0	mesh_dp_shard	[8, 12]	Float	218136576
13	DP	5959513458	6104326561	144813103	ncclDevKernel_ReduceScatter_Sum_f32_RING_LL(ncclDevKernelArgsStorage<4096ul>)	_reduce_scatter_base	54534144.0	mesh_dp_shard	[8, 12]	Float	218136576
13	DP	6104680834	6249646706	144965872	ncclDevKernel_ReduceScatter_Sum_f32_RING_LL(ncclDevKernelArgsStorage<4096ul>)	_reduce_scatter_base	54534144.0	mesh_dp_shard	[8, 12]	Float	218136576
13	DP	6250007730	6394092000	144084270	ncclDevKernel_ReduceScatter_Sum_f32_RING_LL(ncclDevKernelArgsStorage<4096ul>)	_reduce_scatter_base	54534144.0	mesh_dp_shard	[8, 12]	Float	218136576
13	DP	6394446593	6539333328	144886735	ncclDevKernel_ReduceScatter_Sum_f32_RING_LL(ncclDevKernelArgsStorage<4096ul>)	_reduce_scatter_base	54534144.0	mesh_dp_shard	[8, 12]	Float	218136576
13	DP	6539694961	6682425019	142730058	ncclDevKernel_ReduceScatter_Sum_f32_RING_LL(ncclDevKernelArgsStorage<4096ul>)	_reduce_scatter_base	54534144.0	mesh_dp_shard	[8, 12]	Float	218136576
13	DP	6682777020	6828477037	145700017	ncclDevKernel_ReduceScatter_Sum_f32_RING_LL(ncclDevKernelArgsStorage<4096ul>)	_reduce_scatter_base	54534144.0	mesh_dp_shard	[8, 12]	Float	218136576
13	DP	6828838094	6974364063	145525969	ncclDevKernel_ReduceScatter_Sum_f32_RING_LL(ncclDevKernelArgsStorage<4096ul>)	_reduce_scatter_base	54534144.0	mesh_dp_shard	[8, 12]	Float	218136576
13	DP	6974718239	7117913387	143195148	ncclDevKernel_ReduceScatter_Sum_f32_RING_LL(ncclDevKernelArgsStorage<4096ul>)	_reduce_scatter_base	54534144.0	mesh_dp_shard	[8, 12]	Float	218136576
13	DP	7118263692	7257646064	139382372	ncclDevKernel_ReduceScatter_Sum_f32_RING_LL(ncclDevKernelArgsStorage<4096ul>)	_reduce_scatter_base	54534144.0	mesh_dp_shard	[8, 12]	Float	218136576
13	PP	7257648304	7264818334	7170030	ncclDevKernel_SendRecv(ncclDevKernelArgsStorage<4096ul>)						33554432
13	DP	7268258374	7268268134	9760	ncclDevKernel_AllReduce_Sum_f32_RING_LL(ncclDevKernelArgsStorage<4096ul>)	allreduce	1.0	mesh_dp_shard	[8, 12]	Float	4
13	PP	7268299814	10637088787	3368788973	ncclDevKernel_AllReduce_Sum_f32_RING_LL(ncclDevKernelArgsStorage<4096ul>)	allreduce	1.0	mesh_pp	[0, 8]	Float	4
14	PP	-1521760580	0	1521760580	ncclDevKernel_SendRecv(ncclDevKernelArgsStorage<4096ul>)						33554432
14	DP	669025	142971265	142302240	ncclDevKernel_AllGather_RING_LL(ncclDevKernelArgsStorage<4096ul>)	_allgather_base	65669120.0	mesh_dp_shard	[8, 12]	BFloat16	131338240
14	DP	142973377	199926612	56953235	ncclDevKernel_AllGather_RING_LL(ncclDevKernelArgsStorage<4096ul>)	_allgather_base	27267072.0	mesh_dp_shard	[8, 12]	BFloat16	54534144
14	DP	199928404	274026218	74097814	ncclDevKernel_AllGather_RING_LL(ncclDevKernelArgsStorage<4096ul>)	_allgather_base	27267072.0	mesh_dp_shard	[8, 12]	BFloat16	54534144
14	DP	274030506	352870185	78839679	ncclDevKernel_AllGather_RING_LL(ncclDevKernelArgsStorage<4096ul>)	_allgather_base	27267072.0	mesh_dp_shard	[8, 12]	BFloat16	54534144
14	DP	352873065	429475524	76602459	ncclDevKernel_AllGather_RING_LL(ncclDevKernelArgsStorage<4096ul>)	_allgather_base	27267072.0	mesh_dp_shard	[8, 12]	BFloat16	54534144
14	DP	429478628	506490559	77011931	ncclDevKernel_AllGather_RING_LL(ncclDevKernelArgsStorage<4096ul>)	_allgather_base	27267072.0	mesh_dp_shard	[8, 12]	BFloat16	54534144
14	DP	506493631	577789839	71296208	ncclDevKernel_AllGather_RING_LL(ncclDevKernelArgsStorage<4096ul>)	_allgather_base	27267072.0	mesh_dp_shard	[8, 12]	BFloat16	54534144
14	DP	577793424	650622691	72829267	ncclDevKernel_AllGather_RING_LL(ncclDevKernelArgsStorage<4096ul>)	_allgather_base	27267072.0	mesh_dp_shard	[8, 12]	BFloat16	54534144
14	DP	650625731	724394104	73768373	ncclDevKernel_AllGather_RING_LL(ncclDevKernelArgsStorage<4096ul>)	_allgather_base	27267072.0	mesh_dp_shard	[8, 12]	BFloat16	54534144
14	DP	724396952	799301295	74904343	ncclDevKernel_AllGather_RING_LL(ncclDevKernelArgsStorage<4096ul>)	_allgather_base	27267072.0	mesh_dp_shard	[8, 12]	BFloat16	54534144
14	DP	799303792	870699264	71395472	ncclDevKernel_AllGather_RING_LL(ncclDevKernelArgsStorage<4096ul>)	_allgather_base	27267072.0	mesh_dp_shard	[8, 12]	BFloat16	54534144
14	DP	870703840	944356757	73652917	ncclDevKernel_AllGather_RING_LL(ncclDevKernelArgsStorage<4096ul>)	_allgather_base	27267072.0	mesh_dp_shard	[8, 12]	BFloat16	54534144
14	DP	944361237	1015637413	71276176	ncclDevKernel_AllGather_RING_LL(ncclDevKernelArgsStorage<4096ul>)	_allgather_base	27267072.0	mesh_dp_shard	[8, 12]	BFloat16	54534144
14	DP	1015641413	1088432536	72791123	ncclDevKernel_AllGather_RING_LL(ncclDevKernelArgsStorage<4096ul>)	_allgather_base	27267072.0	mesh_dp_shard	[8, 12]	BFloat16	54534144
14	DP	1088436216	1160762538	72326322	ncclDevKernel_AllGather_RING_LL(ncclDevKernelArgsStorage<4096ul>)	_allgather_base	27267072.0	mesh_dp_shard	[8, 12]	BFloat16	54534144
14	DP	1160765514	1229892854	69127340	ncclDevKernel_AllGather_RING_LL(ncclDevKernelArgsStorage<4096ul>)	_allgather_base	27267072.0	mesh_dp_shard	[8, 12]	BFloat16	54534144
14	DP	1229894774	1291659923	61765149	ncclDevKernel_AllGather_RING_LL(ncclDevKernelArgsStorage<4096ul>)	_allgather_base	27267072.0	mesh_dp_shard	[8, 12]	BFloat16	54534144
14	PP	2595553246	2610110363	14557117	ncclDevKernel_SendRecv(ncclDevKernelArgsStorage<4096ul>)						33554432
14	DP	4600176773	4968331321	368154548	ncclDevKernel_ReduceScatter_Sum_f32_RING_LL(ncclDevKernelArgsStorage<4096ul>)	_reduce_scatter_base	131338240.0	mesh_dp_shard	[8, 12]	Float	525352960
14	DP	4968703674	5122722423	154018749	ncclDevKernel_ReduceScatter_Sum_f32_RING_LL(ncclDevKernelArgsStorage<4096ul>)	_reduce_scatter_base	54534144.0	mesh_dp_shard	[8, 12]	Float	218136576
14	DP	5123097880	5276261907	153164027	ncclDevKernel_ReduceScatter_Sum_f32_RING_LL(ncclDevKernelArgsStorage<4096ul>)	_reduce_scatter_base	54534144.0	mesh_dp_shard	[8, 12]	Float	218136576
14	DP	5276625460	5430858806	154233346	ncclDevKernel_ReduceScatter_Sum_f32_RING_LL(ncclDevKernelArgsStorage<4096ul>)	_reduce_scatter_base	54534144.0	mesh_dp_shard	[8, 12]	Float	218136576
14	DP	5431226167	5585134136	153907969	ncclDevKernel_ReduceScatter_Sum_f32_RING_LL(ncclDevKernelArgsStorage<4096ul>)	_reduce_scatter_base	54534144.0	mesh_dp_shard	[8, 12]	Float	218136576
14	DP	5585496121	5740026075	154529954	ncclDevKernel_ReduceScatter_Sum_f32_RING_LL(ncclDevKernelArgsStorage<4096ul>)	_reduce_scatter_base	54534144.0	mesh_dp_shard	[8, 12]	Float	218136576
14	DP	5740391132	5892626265	152235133	ncclDevKernel_ReduceScatter_Sum_f32_RING_LL(ncclDevKernelArgsStorage<4096ul>)	_reduce_scatter_base	54534144.0	mesh_dp_shard	[8, 12]	Float	218136576
14	DP	5893003034	6045968154	152965120	ncclDevKernel_ReduceScatter_Sum_f32_RING_LL(ncclDevKernelArgsStorage<4096ul>)	_reduce_scatter_base	54534144.0	mesh_dp_shard	[8, 12]	Float	218136576
14	DP	6046333658	6198600376	152266718	ncclDevKernel_ReduceScatter_Sum_f32_RING_LL(ncclDevKernelArgsStorage<4096ul>)	_reduce_scatter_base	54534144.0	mesh_dp_shard	[8, 12]	Float	218136576
14	DP	6198964857	6353587291	154622434	ncclDevKernel_ReduceScatter_Sum_f32_RING_LL(ncclDevKernelArgsStorage<4096ul>)	_reduce_scatter_base	54534144.0	mesh_dp_shard	[8, 12]	Float	218136576
14	DP	6353957564	6506546458	152588894	ncclDevKernel_ReduceScatter_Sum_f32_RING_LL(ncclDevKernelArgsStorage<4096ul>)	_reduce_scatter_base	54534144.0	mesh_dp_shard	[8, 12]	Float	218136576
14	DP	6506907483	6661891230	154983747	ncclDevKernel_ReduceScatter_Sum_f32_RING_LL(ncclDevKernelArgsStorage<4096ul>)	_reduce_scatter_base	54534144.0	mesh_dp_shard	[8, 12]	Float	218136576
14	DP	6662253247	6815657567	153404320	ncclDevKernel_ReduceScatter_Sum_f32_RING_LL(ncclDevKernelArgsStorage<4096ul>)	_reduce_scatter_base	54534144.0	mesh_dp_shard	[8, 12]	Float	218136576
14	DP	6816018752	6969143232	153124480	ncclDevKernel_ReduceScatter_Sum_f32_RING_LL(ncclDevKernelArgsStorage<4096ul>)	_reduce_scatter_base	54534144.0	mesh_dp_shard	[8, 12]	Float	218136576
14	DP	6969503776	7122757664	153253888	ncclDevKernel_ReduceScatter_Sum_f32_RING_LL(ncclDevKernelArgsStorage<4096ul>)	_reduce_scatter_base	54534144.0	mesh_dp_shard	[8, 12]	Float	218136576
14	DP	7123128705	7275955808	152827103	ncclDevKernel_ReduceScatter_Sum_f32_RING_LL(ncclDevKernelArgsStorage<4096ul>)	_reduce_scatter_base	54534144.0	mesh_dp_shard	[8, 12]	Float	218136576
14	DP	7276310049	7424023829	147713780	ncclDevKernel_ReduceScatter_Sum_f32_RING_LL(ncclDevKernelArgsStorage<4096ul>)	_reduce_scatter_base	54534144.0	mesh_dp_shard	[8, 12]	Float	218136576
14	PP	7424035989	7431400772	7364783	ncclDevKernel_SendRecv(ncclDevKernelArgsStorage<4096ul>)						33554432
14	DP	7434842315	7434852075	9760	ncclDevKernel_AllReduce_Sum_f32_RING_LL(ncclDevKernelArgsStorage<4096ul>)	allreduce	1.0	mesh_dp_shard	[8, 12]	Float	4
14	PP	7434883883	10770389179	3335505296	ncclDevKernel_AllReduce_Sum_f32_RING_LL(ncclDevKernelArgsStorage<4096ul>)	allreduce	1.0	mesh_pp	[0, 8]	Float	4
15	PP	-1516701052	0	1516701052	ncclDevKernel_SendRecv(ncclDevKernelArgsStorage<4096ul>)						33554432
15	DP	675009	159498925	158823916	ncclDevKernel_AllGather_RING_LL(ncclDevKernelArgsStorage<4096ul>)	_allgather_base	65669120.0	mesh_dp_shard	[8, 12]	BFloat16	131338240
15	DP	159501533	216698999	57197466	ncclDevKernel_AllGather_RING_LL(ncclDevKernelArgsStorage<4096ul>)	_allgather_base	27267072.0	mesh_dp_shard	[8, 12]	BFloat16	54534144
15	DP	216701783	290404500	73702717	ncclDevKernel_AllGather_RING_LL(ncclDevKernelArgsStorage<4096ul>)	_allgather_base	27267072.0	mesh_dp_shard	[8, 12]	BFloat16	54534144
15	DP	290407188	365143604	74736416	ncclDevKernel_AllGather_RING_LL(ncclDevKernelArgsStorage<4096ul>)	_allgather_base	27267072.0	mesh_dp_shard	[8, 12]	BFloat16	54534144
15	DP	365146387	437228621	72082234	ncclDevKernel_AllGather_RING_LL(ncclDevKernelArgsStorage<4096ul>)	_allgather_base	27267072.0	mesh_dp_shard	[8, 12]	BFloat16	54534144
15	DP	437231213	510340009	73108796	ncclDevKernel_AllGather_RING_LL(ncclDevKernelArgsStorage<4096ul>)	_allgather_base	27267072.0	mesh_dp_shard	[8, 12]	BFloat16	54534144
15	DP	510342185	583661541	73319356	ncclDevKernel_AllGather_RING_LL(ncclDevKernelArgsStorage<4096ul>)	_allgather_base	27267072.0	mesh_dp_shard	[8, 12]	BFloat16	54534144
15	DP	583664485	656666049	73001564	ncclDevKernel_AllGather_RING_LL(ncclDevKernelArgsStorage<4096ul>)	_allgather_base	27267072.0	mesh_dp_shard	[8, 12]	BFloat16	54534144
15	DP	656667873	728531674	71863801	ncclDevKernel_AllGather_RING_LL(ncclDevKernelArgsStorage<4096ul>)	_allgather_base	27267072.0	mesh_dp_shard	[8, 12]	BFloat16	54534144
15	DP	728535130	801596246	73061116	ncclDevKernel_AllGather_RING_LL(ncclDevKernelArgsStorage<4096ul>)	_allgather_base	27267072.0	mesh_dp_shard	[8, 12]	BFloat16	54534144
15	DP	801601558	873521263	71919705	ncclDevKernel_AllGather_RING_LL(ncclDevKernelArgsStorage<4096ul>)	_allgather_base	27267072.0	mesh_dp_shard	[8, 12]	BFloat16	54534144
15	DP	873526063	945029767	71503704	ncclDevKernel_AllGather_RING_LL(ncclDevKernelArgsStorage<4096ul>)	_allgather_base	27267072.0	mesh_dp_shard	[8, 12]	BFloat16	54534144
15	DP	945034791	1015159677	70124886	ncclDevKernel_AllGather_RING_LL(ncclDevKernelArgsStorage<4096ul>)	_allgather_base	27267072.0	mesh_dp_shard	[8, 12]	BFloat16	54534144
15	DP	1015164893	1087404087	72239194	ncclDevKernel_AllGather_RING_LL(ncclDevKernelArgsStorage<4096ul>)	_allgather_base	27267072.0	mesh_dp_shard	[8, 12]	BFloat16	54534144
15	DP	1087410743	1164456635	77045892	ncclDevKernel_AllGather_RING_LL(ncclDevKernelArgsStorage<4096ul>)	_allgather_base	27267072.0	mesh_dp_shard	[8, 12]	BFloat16	54534144
15	DP	1164458971	1234505169	70046198	ncclDevKernel_AllGather_RING_LL(ncclDevKernelArgsStorage<4096ul>)	_allgather_base	27267072.0	mesh_dp_shard	[8, 12]	BFloat16	54534144
15	DP	1234507568	1295329202	60821634	ncclDevKernel_AllGather_RING_LL(ncclDevKernelArgsStorage<4096ul>)	_allgather_base	27267072.0	mesh_dp_shard	[8, 12]	BFloat16	54534144
15	PP	2602235156	2615875601	13640445	ncclDevKernel_SendRecv(ncclDevKernelArgsStorage<4096ul>)						33554432
15	DP	4607899976	4957553352	349653376	ncclDevKernel_ReduceScatter_Sum_f32_RING_LL(ncclDevKernelArgsStorage<4096ul>)	_reduce_scatter_base	131338240.0	mesh_dp_shard	[8, 12]	Float	525352960
15	DP	4957916585	5103005911	145089326	ncclDevKernel_ReduceScatter_Sum_f32_RING_LL(ncclDevKernelArgsStorage<4096ul>)	_reduce_scatter_base	54534144.0	mesh_dp_shard	[8, 12]	Float	218136576
15	DP	5103373336	5248712647	145339311	ncclDevKernel_ReduceScatter_Sum_f32_RING_LL(ncclDevKernelArgsStorage<4096ul>)	_reduce_scatter_base	54534144.0	mesh_dp_shard	[8, 12]	Float	218136576
15	DP	5249074024	5392465523	143391499	ncclDevKernel_ReduceScatter_Sum_f32_RING_LL(ncclDevKernelArgsStorage<4096ul>)	_reduce_scatter_base	54534144.0	mesh_dp_shard	[8, 12]	Float	218136576
15	DP	5392823283	5538286915	145463632	ncclDevKernel_ReduceScatter_Sum_f32_RING_LL(ncclDevKernelArgsStorage<4096ul>)	_reduce_scatter_base	54534144.0	mesh_dp_shard	[8, 12]	Float	218136576
15	DP	5538644420	5682604944	143960524	ncclDevKernel_ReduceScatter_Sum_f32_RING_LL(ncclDevKernelArgsStorage<4096ul>)	_reduce_scatter_base	54534144.0	mesh_dp_shard	[8, 12]	Float	218136576
15	DP	5682957488	5827975871	145018383	ncclDevKernel_ReduceScatter_Sum_f32_RING_LL(ncclDevKernelArgsStorage<4096ul>)	_reduce_scatter_base	54534144.0	mesh_dp_shard	[8, 12]	Float	218136576
15	DP	5828335039	5974416176	146081137	ncclDevKernel_ReduceScatter_Sum_f32_RING_LL(ncclDevKernelArgsStorage<4096ul>)	_reduce_scatter_base	54534144.0	mesh_dp_shard	[8, 12]	Float	218136576
15	DP	5974785841	6120150464	145364623	ncclDevKernel_ReduceScatter_Sum_f32_RING_LL(ncclDevKernelArgsStorage<4096ul>)	_reduce_scatter_base	54534144.0	mesh_dp_shard	[8, 12]	Float	218136576
15	DP	6120521377	6264711437	144190060	ncclDevKernel_ReduceScatter_Sum_f32_RING_LL(ncclDevKernelArgsStorage<4096ul>)	_reduce_scatter_base	54534144.0	mesh_dp_shard	[8, 12]	Float	218136576
15	DP	6265064206	6410198781	145134575	ncclDevKernel_ReduceScatter_Sum_f32_RING_LL(ncclDevKernelArgsStorage<4096ul>)	_reduce_scatter_base	54534144.0	mesh_dp_shard	[8, 12]	Float	218136576
15	DP	6410557053	6556238253	145681200	ncclDevKernel_ReduceScatter_Sum_f32_RING_LL(ncclDevKernelArgsStorage<4096ul>)	_reduce_scatter_base	54534144.0	mesh_dp_shard	[8, 12]	Float	218136576
15	DP	6556594286	6702121885	145527599	ncclDevKernel_ReduceScatter_Sum_f32_RING_LL(ncclDevKernelArgsStorage<4096ul>)	_reduce_scatter_base	54534144.0	mesh_dp_shard	[8, 12]	Float	218136576
15	DP	6702491390	6848242030	145750640	ncclDevKernel_ReduceScatter_Sum_f32_RING_LL(ncclDevKernelArgsStorage<4096ul>)	_reduce_scatter_base	54534144.0	mesh_dp_shard	[8, 12]	Float	218136576
15	DP	6848596143	6992807579	144211436	ncclDevKernel_ReduceScatter_Sum_f32_RING_LL(ncclDevKernelArgsStorage<4096ul>)	_reduce_scatter_base	54534144.0	mesh_dp_shard	[8, 12]	Float	218136576
15	DP	6993186844	7138064074	144877230	ncclDevKernel_ReduceScatter_Sum_f32_RING_LL(ncclDevKernelArgsStorage<4096ul>)	_reduce_scatter_base	54534144.0	mesh_dp_shard	[8, 12]	Float	218136576
15	DP	7138417259	7272947780	134530521	ncclDevKernel_ReduceScatter_Sum_f32_RING_LL(ncclDevKernelArgsStorage<4096ul>)	_reduce_scatter_base	54534144.0	mesh_dp_shard	[8, 12]	Float	218136576
15	PP	7272949252	7280583380	7634128	ncclDevKernel_SendRecv(ncclDevKernelArgsStorage<4096ul>)						33554432
15	DP	7284022267	7284031995	9728	ncclDevKernel_AllReduce_Sum_f32_RING_LL(ncclDevKernelArgsStorage<4096ul>)	allreduce	1.0	mesh_dp_shard	[8, 12]	Float	4
15	PP	7370387663	10800964446	3430576783	ncclDevKernel_AllReduce_Sum_f32_RING_LL(ncclDevKernelArgsStorage<4096ul>)	allreduce	1.0	mesh_pp	[0, 8]	Float	4
16	PP	-1528476199	0	1528476199	ncclDevKernel_SendRecv(ncclDevKernelArgsStorage<4096ul>)						33554432
16	DP	672162	148381387	147709225	ncclDevKernel_AllGather_RING_LL(ncclDevKernelArgsStorage<4096ul>)	_allgather_base	65669120.0	mesh_dp_shard	[8, 12]	BFloat16	131338240
16	DP	148383020	207744995	59361975	ncclDevKernel_AllGather_RING_LL(ncclDevKernelArgsStorage<4096ul>)	_allgather_base	27267072.0	mesh_dp_shard	[8, 12]	BFloat16	54534144
16	DP	207747299	282339481	74592182	ncclDevKernel_AllGather_RING_LL(ncclDevKernelArgsStorage<4096ul>)	_allgather_base	27267072.0	mesh_dp_shard	[8, 12]	BFloat16	54534144
16	DP	282341849	356680335	74338486	ncclDevKernel_AllGather_RING_LL(ncclDevKernelArgsStorage<4096ul>)	_allgather_base	27267072.0	mesh_dp_shard	[8, 12]	BFloat16	54534144
16	DP	356682991	430445635	73762644	ncclDevKernel_AllGather_RING_LL(ncclDevKernelArgsStorage<4096ul>)	_allgather_base	27267072.0	mesh_dp_shard	[8, 12]	BFloat16	54534144
16	DP	430448132	505149018	74700886	ncclDevKernel_AllGather_RING_LL(ncclDevKernelArgsStorage<4096ul>)	_allgather_base	27267072.0	mesh_dp_shard	[8, 12]	BFloat16	54534144
16	DP	505151354	578535598	73384244	ncclDevKernel_AllGather_RING_LL(ncclDevKernelArgsStorage<4096ul>)	_allgather_base	27267072.0	mesh_dp_shard	[8, 12]	BFloat16	54534144
16	DP	578538222	652906788	74368566	ncclDevKernel_AllGather_RING_LL(ncclDevKernelArgsStorage<4096ul>)	_allgather_base	27267072.0	mesh_dp_shard	[8, 12]	BFloat16	54534144
16	DP	652908932	729269022	76360090	ncclDevKernel_AllGather_RING_LL(ncclDevKernelArgsStorage<4096ul>)	_allgather_base	27267072.0	mesh_dp_shard	[8, 12]	BFloat16	54534144
16	DP	729273598	805044662	75771064	ncclDevKernel_AllGather_RING_LL(ncclDevKernelArgsStorage<4096ul>)	_allgather_base	27267072.0	mesh_dp_shard	[8, 12]	BFloat16	54534144
16	DP	805048406	880848431	75800025	ncclDevKernel_AllGather_RING_LL(ncclDevKernelArgsStorage<4096ul>)	_allgather_base	27267072.0	mesh_dp_shard	[8, 12]	BFloat16	54534144
16	DP	880852079	959044333	78192254	ncclDevKernel_AllGather_RING_LL(ncclDevKernelArgsStorage<4096ul>)	_allgather_base	27267072.0	mesh_dp_shard	[8, 12]	BFloat16	54534144
16	DP	959047596	1036898953	77851357	ncclDevKernel_AllGather_RING_LL(ncclDevKernelArgsStorage<4096ul>)	_allgather_base	27267072.0	mesh_dp_shard	[8, 12]	BFloat16	54534144
16	DP	1036901706	1109174555	72272849	ncclDevKernel_AllGather_RING_LL(ncclDevKernelArgsStorage<4096ul>)	_allgather_base	27267072.0	mesh_dp_shard	[8, 12]	BFloat16	54534144
16	DP	1109176859	1182293582	73116723	ncclDevKernel_AllGather_RING_LL(ncclDevKernelArgsStorage<4096ul>)	_allgather_base	27267072.0	mesh_dp_shard	[8, 12]	BFloat16	54534144
16	DP	1182295566	1253423741	71128175	ncclDevKernel_AllGather_RING_LL(ncclDevKernelArgsStorage<4096ul>)	_allgather_base	27267072.0	mesh_dp_shard	[8, 12]	BFloat16	54534144
16	DP	1253426270	1314956058	61529788	ncclDevKernel_AllGather_RING_LL(ncclDevKernelArgsStorage<4096ul>)	_allgather_base	27267072.0	mesh_dp_shard	[8, 12]	BFloat16	54534144
16	PP	2620106463	2634361851	14255388	ncclDevKernel_SendRecv(ncclDevKernelArgsStorage<4096ul>)						33554432
16	DP	4624696636	5024910525	400213889	ncclDevKernel_ReduceScatter_Sum_f32_RING_LL(ncclDevKernelArgsStorage<4096ul>)	_reduce_scatter_base	131338240.0	mesh_dp_shard	[8, 12]	Float	525352960
16	DP	5025283742	5193726813	168443071	ncclDevKernel_ReduceScatter_Sum_f32_RING_LL(ncclDevKernelArgsStorage<4096ul>)	_reduce_scatter_base	54534144.0	mesh_dp_shard	[8, 12]	Float	218136576
16	DP	5194105021	5358449524	164344503	ncclDevKernel_ReduceScatter_Sum_f32_RING_LL(ncclDevKernelArgsStorage<4096ul>)	_reduce_scatter_base	54534144.0	mesh_dp_shard	[8, 12]	Float	218136576
16	DP	5358811637	5524215821	165404184	ncclDevKernel_ReduceScatter_Sum_f32_RING_LL(ncclDevKernelArgsStorage<4096ul>)	_reduce_scatter_base	54534144.0	mesh_dp_shard	[8, 12]	Float	218136576
16	DP	5524579598	5689517414	164937816	ncclDevKernel_ReduceScatter_Sum_f32_RING_LL(ncclDevKernelArgsStorage<4096ul>)	_reduce_scatter_base	54534144.0	mesh_dp_shard	[8, 12]	Float	218136576
16	DP	5689880678	5855479199	165598521	ncclDevKernel_ReduceScatter_Sum_f32_RING_LL(ncclDevKernelArgsStorage<4096ul>)	_reduce_scatter_base	54534144.0	mesh_dp_shard	[8, 12]	Float	218136576
16	DP	5855838688	6023426365	167587677	ncclDevKernel_ReduceScatter_Sum_f32_RING_LL(ncclDevKernelArgsStorage<4096ul>)	_reduce_scatter_base	54534144.0	mesh_dp_shard	[8, 12]	Float	218136576
16	DP	6023790654	6188337461	164546807	ncclDevKernel_ReduceScatter_Sum_f32_RING_LL(ncclDevKernelArgsStorage<4096ul>)	_reduce_scatter_base	54534144.0	mesh_dp_shard	[8, 12]	Float	218136576
16	DP	6188699830	6357507701	168807871	ncclDevKernel_ReduceScatter_Sum_f32_RING_LL(ncclDevKernelArgsStorage<4096ul>)	_reduce_scatter_base	54534144.0	mesh_dp_shard	[8, 12]	Float	218136576
16	DP	6357869398	6523376079	165506681	ncclDevKernel_ReduceScatter_Sum_f32_RING_LL(ncclDevKernelArgsStorage<4096ul>)	_reduce_scatter_base	54534144.0	mesh_dp_shard	[8, 12]	Float	218136576
16	DP	6523731791	6691317133	167585342	ncclDevKernel_ReduceScatter_Sum_f32_RING_LL(ncclDevKernelArgsStorage<4096ul>)	_reduce_scatter_base	54534144.0	mesh_dp_shard	[8, 12]	Float	218136576
16	DP	6691679629	6856830885	165151256	ncclDevKernel_ReduceScatter_Sum_f32_RING_LL(ncclDevKernelArgsStorage<4096ul>)	_reduce_scatter_base	54534144.0	mesh_dp_shard	[8, 12]	Float	218136576
16	DP	6857190470	7026714536	169524066	ncclDevKernel_ReduceScatter_Sum_f32_RING_LL(ncclDevKernelArgsStorage<4096ul>)	_reduce_scatter_base	54534144.0	mesh_dp_shard	[8, 12]	Float	218136576
16	DP	7027076072	7194013540	166937468	ncclDevKernel_ReduceScatter_Sum_f32_RING_LL(ncclDevKernelArgsStorage<4096ul>)	_reduce_scatter_base	54534144.0	mesh_dp_shard	[8, 12]	Float	218136576
16	DP	7194374756	7362594659	168219903	ncclDevKernel_ReduceScatter_Sum_f32_RING_LL(ncclDevKernelArgsStorage<4096ul>)	_reduce_scatter_base	54534144.0	mesh_dp_shard	[8, 12]	Float	218136576
16	DP	7362952132	7523813875	160861743	ncclDevKernel_ReduceScatter_Sum_f32_RING_LL(ncclDevKernelArgsStorage<4096ul>)	_reduce_scatter_base	54534144.0	mesh_dp_shard	[8, 12]	Float	218136576
16	DP	7524164692	7642468714	118304022	ncclDevKernel_ReduceScatter_Sum_f32_RING_LL(ncclDevKernelArgsStorage<4096ul>)	_reduce_scatter_base	54534144.0	mesh_dp_shard	[8, 12]	Float	218136576
16	PP	7642472362	7647576053	5103691	ncclDevKernel_SendRecv(ncclDevKernelArgsStorage<4096ul>)						33554432
16	DP	7651018972	7651028796	9824	ncclDevKernel_AllReduce_Sum_f32_RING_LL(ncclDevKernelArgsStorage<4096ul>)	allreduce	1.0	mesh_dp_shard	[8, 12]	Float	4
16	PP	7651061372	11024326676	3373265304	ncclDevKernel_AllReduce_Sum_f32_RING_LL(ncclDevKernelArgsStorage<4096ul>)	allreduce	1.0	mesh_pp	[0, 8]	Float	4
17	PP	-1547910209	0	1547910209	ncclDevKernel_SendRecv(ncclDevKernelArgsStorage<4096ul>)						33554432
17	DP	667873	149573164	148905291	ncclDevKernel_AllGather_RING_LL(ncclDevKernelArgsStorage<4096ul>)	_allgather_base	65669120.0	mesh_dp_shard	[8, 12]	BFloat16	131338240
17	DP	149575436	210206597	60631161	ncclDevKernel_AllGather_RING_LL(ncclDevKernelArgsStorage<4096ul>)	_allgather_base	27267072.0	mesh_dp_shard	[8, 12]	BFloat16	54534144
17	DP	210208133	283678073	73469940	ncclDevKernel_AllGather_RING_LL(ncclDevKernelArgsStorage<4096ul>)	_allgather_base	27267072.0	mesh_dp_shard	[8, 12]	BFloat16	54534144
17	DP	283680089	359264688	75584599	ncclDevKernel_AllGather_RING_LL(ncclDevKernelArgsStorage<4096ul>)	_allgather_base	27267072.0	mesh_dp_shard	[8, 12]	BFloat16	54534144
17	DP	359279920	434687944	75408024	ncclDevKernel_AllGather_RING_LL(ncclDevKernelArgsStorage<4096ul>)	_allgather_base	27267072.0	mesh_dp_shard	[8, 12]	BFloat16	54534144
17	DP	434689512	508323419	73633907	ncclDevKernel_AllGather_RING_LL(ncclDevKernelArgsStorage<4096ul>)	_allgather_base	27267072.0	mesh_dp_shard	[8, 12]	BFloat16	54534144
17	DP	508326204	585357430	77031226	ncclDevKernel_AllGather_RING_LL(ncclDevKernelArgsStorage<4096ul>)	_allgather_base	27267072.0	mesh_dp_shard	[8, 12]	BFloat16	54534144
17	DP	585359318	658814089	73454771	ncclDevKernel_AllGather_RING_LL(ncclDevKernelArgsStorage<4096ul>)	_allgather_base	27267072.0	mesh_dp_shard	[8, 12]	BFloat16	54534144
17	DP	658818281	731695931	72877650	ncclDevKernel_AllGather_RING_LL(ncclDevKernelArgsStorage<4096ul>)	_allgather_base	27267072.0	mesh_dp_shard	[8, 12]	BFloat16	54534144
17	DP	731699803	805934768	74234965	ncclDevKernel_AllGather_RING_LL(ncclDevKernelArgsStorage<4096ul>)	_allgather_base	27267072.0	mesh_dp_shard	[8, 12]	BFloat16	54534144
17	DP	805938512	877893921	71955409	ncclDevKernel_AllGather_RING_LL(ncclDevKernelArgsStorage<4096ul>)	_allgather_base	27267072.0	mesh_dp_shard	[8, 12]	BFloat16	54534144
17	DP	877898336	951830869	73932533	ncclDevKernel_AllGather_RING_LL(ncclDevKernelArgsStorage<4096ul>)	_allgather_base	27267072.0	mesh_dp_shard	[8, 12]	BFloat16	54534144
17	DP	951833461	1023975045	72141584	ncclDevKernel_AllGather_RING_LL(ncclDevKernelArgsStorage<4096ul>)	_allgather_base	27267072.0	mesh_dp_shard	[8, 12]	BFloat16	54534144
17	DP	1023978149	1097603865	73625716	ncclDevKernel_AllGather_RING_LL(ncclDevKernelArgsStorage<4096ul>)	_allgather_base	27267072.0	mesh_dp_shard	[8, 12]	BFloat16	54534144
17	DP	1097606457	1169810506	72204049	ncclDevKernel_AllGather_RING_LL(ncclDevKernelArgsStorage<4096ul>)	_allgather_base	27267072.0	mesh_dp_shard	[8, 12]	BFloat16	54534144
17	DP	1169812330	1241928795	72116465	ncclDevKernel_AllGather_RING_LL(ncclDevKernelArgsStorage<4096ul>)	_allgather_base	27267072.0	mesh_dp_shard	[8, 12]	BFloat16	54534144
17	DP	1241933307	1302546004	60612697	ncclDevKernel_AllGather_RING_LL(ncclDevKernelArgsStorage<4096ul>)	_allgather_base	27267072.0	mesh_dp_shard	[8, 12]	BFloat16	54534144
17	PP	2606056560	2620929678	14873118	ncclDevKernel_SendRecv(ncclDevKernelArgsStorage<4096ul>)						33554432
17	DP	4613274901	5009221579	395946678	ncclDevKernel_ReduceScatter_Sum_f32_RING_LL(ncclDevKernelArgsStorage<4096ul>)	_reduce_scatter_base	131338240.0	mesh_dp_shard	[8, 12]	Float	525352960
17	DP	5009586707	5176666893	167080186	ncclDevKernel_ReduceScatter_Sum_f32_RING_LL(ncclDevKernelArgsStorage<4096ul>)	_reduce_scatter_base	54534144.0	mesh_dp_shard	[8, 12]	Float	218136576
17	DP	5177039470	5345808811	168769341	ncclDevKernel_ReduceScatter_Sum_f32_RING_LL(ncclDevKernelArgsStorage<4096ul>)	_reduce_scatter_base	54534144.0	mesh_dp_shard	[8, 12]	Float	218136576
17	DP	5346179211	5512234819	166055608	ncclDevKernel_ReduceScatter_Sum_f32_RING_LL(ncclDevKernelArgsStorage<4096ul>)	_reduce_scatter_base	54534144.0	mesh_dp_shard	[8, 12]	Float	218136576
17	DP	5512610180	5675797013	163186833	ncclDevKernel_ReduceScatter_Sum_f32_RING_LL(ncclDevKernelArgsStorage<4096ul>)	_reduce_scatter_base	54534144.0	mesh_dp_shard	[8, 12]	Float	218136576
17	DP	5676157462	5840376362	164218900	ncclDevKernel_ReduceScatter_Sum_f32_RING_LL(ncclDevKernelArgsStorage<4096ul>)	_reduce_scatter_base	54534144.0	mesh_dp_shard	[8, 12]	Float	218136576
17	DP	5840747306	6002307993	161560687	ncclDevKernel_ReduceScatter_Sum_f32_RING_LL(ncclDevKernelArgsStorage<4096ul>)	_reduce_scatter_base	54534144.0	mesh_dp_shard	[8, 12]	Float	218136576
17	DP	6002673433	6170957461	168284028	ncclDevKernel_ReduceScatter_Sum_f32_RING_LL(ncclDevKernelArgsStorage<4096ul>)	_reduce_scatter_base	54534144.0	mesh_dp_shard	[8, 12]	Float	218136576
17	DP	6171320310	6337095405	165775095	ncclDevKernel_ReduceScatter_Sum_f32_RING_LL(ncclDevKernelArgsStorage<4096ul>)	_reduce_scatter_base	54534144.0	mesh_dp_shard	[8, 12]	Float	218136576
17	DP	6337455854	6504872552	167416698	ncclDevKernel_ReduceScatter_Sum_f32_RING_LL(ncclDevKernelArgsStorage<4096ul>)	_reduce_scatter_base	54534144.0	mesh_dp_shard	[8, 12]	Float	218136576
17	DP	6505242089	6668365562	163123473	ncclDevKernel_ReduceScatter_Sum_f32_RING_LL(ncclDevKernelArgsStorage<4096ul>)	_reduce_scatter_base	54534144.0	mesh_dp_shard	[8, 12]	Float	218136576
17	DP	6668735707	6835928437	167192730	ncclDevKernel_ReduceScatter_Sum_f32_RING_LL(ncclDevKernelArgsStorage<4096ul>)	_reduce_scatter_base	54534144.0	mesh_dp_shard	[8, 12]	Float	218136576
17	DP	6836287797	7001454123	165166326	ncclDevKernel_ReduceScatter_Sum_f32_RING_LL(ncclDevKernelArgsStorage<4096ul>)	_reduce_scatter_base	54534144.0	mesh_dp_shard	[8, 12]	Float	218136576
17	DP	7001814860	7170294312	168479452	ncclDevKernel_ReduceScatter_Sum_f32_RING_LL(ncclDevKernelArgsStorage<4096ul>)	_reduce_scatter_base	54534144.0	mesh_dp_shard	[8, 12]	Float	218136576
17	DP	7170653769	7334519612	163865843	ncclDevKernel_ReduceScatter_Sum_f32_RING_LL(ncclDevKernelArgsStorage<4096ul>)	_reduce_scatter_base	54534144.0	mesh_dp_shard	[8, 12]	Float	218136576
17	DP	7334879517	7495527625	160648108	ncclDevKernel_ReduceScatter_Sum_f32_RING_LL(ncclDevKernelArgsStorage<4096ul>)	_reduce_scatter_base	54534144.0	mesh_dp_shard	[8, 12]	Float	218136576
17	DP	7495884458	7634551145	138666687	ncclDevKernel_ReduceScatter_Sum_f32_RING_LL(ncclDevKernelArgsStorage<4096ul>)	_reduce_scatter_base	54534144.0	mesh_dp_shard	[8, 12]	Float	218136576
17	PP	7634564456	7641474519	6910063	ncclDevKernel_SendRecv(ncclDevKernelArgsStorage<4096ul>)						33554432
17	DP	7644914046	7644923902	9856	ncclDevKernel_AllReduce_Sum_f32_RING_LL(ncclDevKernelArgsStorage<4096ul>)	allreduce	1.0	mesh_dp_shard	[8, 12]	Float	4
17	PP	7644955806	10941018969	3296063163	ncclDevKernel_AllReduce_Sum_f32_RING_LL(ncclDevKernelArgsStorage<4096ul>)	allreduce	1.0	mesh_pp	[0, 8]	Float	4
18	PP	-1526167965	0	1526167965	ncclDevKernel_SendRecv(ncclDevKernelArgsStorage<4096ul>)						33554432
18	DP	671105	149177772	148506667	ncclDevKernel_AllGather_RING_LL(ncclDevKernelArgsStorage<4096ul>)	_allgather_base	65669120.0	mesh_dp_shard	[8, 12]	BFloat16	131338240
18	DP	149179564	211290409	62110845	ncclDevKernel_AllGather_RING_LL(ncclDevKernelArgsStorage<4096ul>)	_allgather_base	27267072.0	mesh_dp_shard	[8, 12]	BFloat16	54534144
18	DP	211292041	283879611	72587570	ncclDevKernel_AllGather_RING_LL(ncclDevKernelArgsStorage<4096ul>)	_allgather_base	27267072.0	mesh_dp_shard	[8, 12]	BFloat16	54534144
18	DP	283884187	362061496	78177309	ncclDevKernel_AllGather_RING_LL(ncclDevKernelArgsStorage<4096ul>)	_allgather_base	27267072.0	mesh_dp_shard	[8, 12]	BFloat16	54534144
18	DP	362064280	441013335	78949055	ncclDevKernel_AllGather_RING_LL(ncclDevKernelArgsStorage<4096ul>)	_allgather_base	27267072.0	mesh_dp_shard	[8, 12]	BFloat16	54534144
18	DP	441015767	515613965	74598198	ncclDevKernel_AllGather_RING_LL(ncclDevKernelArgsStorage<4096ul>)	_allgather_base	27267072.0	mesh_dp_shard	[8, 12]	BFloat16	54534144
18	DP	515616045	590396483	74780438	ncclDevKernel_AllGather_RING_LL(ncclDevKernelArgsStorage<4096ul>)	_allgather_base	27267072.0	mesh_dp_shard	[8, 12]	BFloat16	54534144
18	DP	590401219	665994075	75592856	ncclDevKernel_AllGather_RING_LL(ncclDevKernelArgsStorage<4096ul>)	_allgather_base	27267072.0	mesh_dp_shard	[8, 12]	BFloat16	54534144
18	DP	665997691	740427921	74430230	ncclDevKernel_AllGather_RING_LL(ncclDevKernelArgsStorage<4096ul>)	_allgather_base	27267072.0	mesh_dp_shard	[8, 12]	BFloat16	54534144
18	DP	740431761	812340866	71909105	ncclDevKernel_AllGather_RING_LL(ncclDevKernelArgsStorage<4096ul>)	_allgather_base	27267072.0	mesh_dp_shard	[8, 12]	BFloat16	54534144
18	DP	812355298	885774933	73419635	ncclDevKernel_AllGather_RING_LL(ncclDevKernelArgsStorage<4096ul>)	_allgather_base	27267072.0	mesh_dp_shard	[8, 12]	BFloat16	54534144
18	DP	885777685	957073797	71296112	ncclDevKernel_AllGather_RING_LL(ncclDevKernelArgsStorage<4096ul>)	_allgather_base	27267072.0	mesh_dp_shard	[8, 12]	BFloat16	54534144
18	DP	957080613	1029787895	72707282	ncclDevKernel_AllGather_RING_LL(ncclDevKernelArgsStorage<4096ul>)	_allgather_base	27267072.0	mesh_dp_shard	[8, 12]	BFloat16	54534144
18	DP	1029789879	1103025802	73235923	ncclDevKernel_AllGather_RING_LL(ncclDevKernelArgsStorage<4096ul>)	_allgather_base	27267072.0	mesh_dp_shard	[8, 12]	BFloat16	54534144
18	DP	1103028330	1176492126	73463796	ncclDevKernel_AllGather_RING_LL(ncclDevKernelArgsStorage<4096ul>)	_allgather_base	27267072.0	mesh_dp_shard	[8, 12]	BFloat16	54534144
18	DP	1176495678	1248300430	71804752	ncclDevKernel_AllGather_RING_LL(ncclDevKernelArgsStorage<4096ul>)	_allgather_base	27267072.0	mesh_dp_shard	[8, 12]	BFloat16	54534144
18	DP	1248304686	1309669066	61364380	ncclDevKernel_AllGather_RING_LL(ncclDevKernelArgsStorage<4096ul>)	_allgather_base	27267072.0	mesh_dp_shard	[8, 12]	BFloat16	54534144
18	PP	2615759459	2630848811	15089352	ncclDevKernel_SendRecv(ncclDevKernelArgsStorage<4096ul>)						33554432
18	DP	4623424856	4883534780	260109924	ncclDevKernel_ReduceScatter_Sum_f32_RING_LL(ncclDevKernelArgsStorage<4096ul>)	_reduce_scatter_base	131338240.0	mesh_dp_shard	[8, 12]	Float	525352960
18	DP	4883884605	4991968817	108084212	ncclDevKernel_ReduceScatter_Sum_f32_RING_LL(ncclDevKernelArgsStorage<4096ul>)	_reduce_scatter_base	54534144.0	mesh_dp_shard	[8, 12]	Float	218136576
18	DP	4992321618	5102305865	109984247	ncclDevKernel_ReduceScatter_Sum_f32_RING_LL(ncclDevKernelArgsStorage<4096ul>)	_reduce_scatter_base	54534144.0	mesh_dp_shard	[8, 12]	Float	218136576
18	DP	5135266102	5243643147	108377045	ncclDevKernel_ReduceScatter_Sum_f32_RING_LL(ncclDevKernelArgsStorage<4096ul>)	_reduce_scatter_base	54534144.0	mesh_dp_shard	[8, 12]	Float	218136576
18	DP	5285716389	5396025468	110309079	ncclDevKernel_ReduceScatter_Sum_f32_RING_LL(ncclDevKernelArgsStorage<4096ul>)	_reduce_scatter_base	54534144.0	mesh_dp_shard	[8, 12]	Float	218136576
18	DP	5436409716	5543962759	107553043	ncclDevKernel_ReduceScatter_Sum_f32_RING_LL(ncclDevKernelArgsStorage<4096ul>)	_reduce_scatter_base	54534144.0	mesh_dp_shard	[8, 12]	Float	218136576
18	DP	5585064447	5694319317	109254870	ncclDevKernel_ReduceScatter_Sum_f32_RING_LL(ncclDevKernelArgsStorage<4096ul>)	_reduce_scatter_base	54534144.0	mesh_dp_shard	[8, 12]	Float	218136576
18	DP	5734880141	5843805507	108925366	ncclDevKernel_ReduceScatter_Sum_f32_RING_LL(ncclDevKernelArgsStorage<4096ul>)	_reduce_scatter_base	54534144.0	mesh_dp_shard	[8, 12]	Float	218136576
18	DP	5884274458	5994247921	109973463	ncclDevKernel_ReduceScatter_Sum_f32_RING_LL(ncclDevKernelArgsStorage<4096ul>)	_reduce_scatter_base	54534144.0	mesh_dp_shard	[8, 12]	Float	218136576
18	DP	6034654120	6148259172	113605052	ncclDevKernel_ReduceScatter_Sum_f32_RING_LL(ncclDevKernelArgsStorage<4096ul>)	_reduce_scatter_base	54534144.0	mesh_dp_shard	[8, 12]	Float	218136576
18	DP	6184621302	6297797906	113176604	ncclDevKernel_ReduceScatter_Sum_f32_RING_LL(ncclDevKernelArgsStorage<4096ul>)	_reduce_scatter_base	54534144.0	mesh_dp_shard	[8, 12]	Float	218136576
18	DP	6339599947	6453214119	113614172	ncclDevKernel_ReduceScatter_Sum_f32_RING_LL(ncclDevKernelArgsStorage<4096ul>)	_reduce_scatter_base	54534144.0	mesh_dp_shard	[8, 12]	Float	218136576
18	DP	6492125980	6600223953	108097973	ncclDevKernel_ReduceScatter_Sum_f32_RING_LL(ncclDevKernelArgsStorage<4096ul>)	_reduce_scatter_base	54534144.0	mesh_dp_shard	[8, 12]	Float	218136576
18	DP	6641700906	6753924772	112223866	ncclDevKernel_ReduceScatter_Sum_f32_RING_LL(ncclDevKernelArgsStorage<4096ul>)	_reduce_scatter_base	54534144.0	mesh_dp_shard	[8, 12]	Float	218136576
18	DP	6792115160	6902208559	110093399	ncclDevKernel_ReduceScatter_Sum_f32_RING_LL(ncclDevKernelArgsStorage<4096ul>)	_reduce_scatter_base	54534144.0	mesh_dp_shard	[8, 12]	Float	218136576
18	DP	6944306409	7055454370	111147961	ncclDevKernel_ReduceScatter_Sum_f32_RING_LL(ncclDevKernelArgsStorage<4096ul>)	_reduce_scatter_base	54534144.0	mesh_dp_shard	[8, 12]	Float	218136576
18	DP	7094454647	7201375626	106920979	ncclDevKernel_ReduceScatter_Sum_f32_RING_LL(ncclDevKernelArgsStorage<4096ul>)	_reduce_scatter_base	54534144.0	mesh_dp_shard	[8, 12]	Float	218136576
18	PP	7201379402	7206675313	5295911	ncclDevKernel_SendRecv(ncclDevKernelArgsStorage<4096ul>)						33554432
18	DP	7210119798	7213852027	3732229	ncclDevKernel_AllReduce_Sum_f32_RING_LL(ncclDevKernelArgsStorage<4096ul>)	allreduce	1.0	mesh_dp_shard	[8, 12]	Float	4
18	PP	7390328333	10689625758	3299297425	ncclDevKernel_AllReduce_Sum_f32_RING_LL(ncclDevKernelArgsStorage<4096ul>)	allreduce	1.0	mesh_pp	[0, 8]	Float	4
19	PP	-1495565734	0	1495565734	ncclDevKernel_SendRecv(ncclDevKernelArgsStorage<4096ul>)						33554432
19	DP	675425	184746868	184071443	ncclDevKernel_AllGather_RING_LL(ncclDevKernelArgsStorage<4096ul>)	_allgather_base	65669120.0	mesh_dp_shard	[8, 12]	BFloat16	131338240
19	DP	184749172	257273575	72524403	ncclDevKernel_AllGather_RING_LL(ncclDevKernelArgsStorage<4096ul>)	_allgather_base	27267072.0	mesh_dp_shard	[8, 12]	BFloat16	54534144
19	DP	257275623	322661034	65385411	ncclDevKernel_AllGather_RING_LL(ncclDevKernelArgsStorage<4096ul>)	_allgather_base	27267072.0	mesh_dp_shard	[8, 12]	BFloat16	54534144
19	DP	322662954	397415329	74752375	ncclDevKernel_AllGather_RING_LL(ncclDevKernelArgsStorage<4096ul>)	_allgather_base	27267072.0	mesh_dp_shard	[8, 12]	BFloat16	54534144
19	DP	397418081	468904337	71486256	ncclDevKernel_AllGather_RING_LL(ncclDevKernelArgsStorage<4096ul>)	_allgather_base	27267072.0	mesh_dp_shard	[8, 12]	BFloat16	54534144
19	DP	468906001	543024742	74118741	ncclDevKernel_AllGather_RING_LL(ncclDevKernelArgsStorage<4096ul>)	_allgather_base	27267072.0	mesh_dp_shard	[8, 12]	BFloat16	54534144
19	DP	543028422	615956633	72928211	ncclDevKernel_AllGather_RING_LL(ncclDevKernelArgsStorage<4096ul>)	_allgather_base	27267072.0	mesh_dp_shard	[8, 12]	BFloat16	54534144
19	DP	615960665	690646096	74685431	ncclDevKernel_AllGather_RING_LL(ncclDevKernelArgsStorage<4096ul>)	_allgather_base	27267072.0	mesh_dp_shard	[8, 12]	BFloat16	54534144
19	DP	690649904	764249124	73599220	ncclDevKernel_AllGather_RING_LL(ncclDevKernelArgsStorage<4096ul>)	_allgather_base	27267072.0	mesh_dp_shard	[8, 12]	BFloat16	54534144
19	DP	764252964	836353109	72100145	ncclDevKernel_AllGather_RING_LL(ncclDevKernelArgsStorage<4096ul>)	_allgather_base	27267072.0	mesh_dp_shard	[8, 12]	BFloat16	54534144
19	DP	836355990	910723243	74367253	ncclDevKernel_AllGather_RING_LL(ncclDevKernelArgsStorage<4096ul>)	_allgather_base	27267072.0	mesh_dp_shard	[8, 12]	BFloat16	54534144
19	DP	910726027	982591676	71865649	ncclDevKernel_AllGather_RING_LL(ncclDevKernelArgsStorage<4096ul>)	_allgather_base	27267072.0	mesh_dp_shard	[8, 12]	BFloat16	54534144
19	DP	982593884	1054250701	71656817	ncclDevKernel_AllGather_RING_LL(ncclDevKernelArgsStorage<4096ul>)	_allgather_base	27267072.0	mesh_dp_shard	[8, 12]	BFloat16	54534144
19	DP	1054253037	1128125153	73872116	ncclDevKernel_AllGather_RING_LL(ncclDevKernelArgsStorage<4096ul>)	_allgather_base	27267072.0	mesh_dp_shard	[8, 12]	BFloat16	54534144
19	DP	1128129250	1200745108	72615858	ncclDevKernel_AllGather_RING_LL(ncclDevKernelArgsStorage<4096ul>)	_allgather_base	27267072.0	mesh_dp_shard	[8, 12]	BFloat16	54534144
19	DP	1200749844	1270001087	69251243	ncclDevKernel_AllGather_RING_LL(ncclDevKernelArgsStorage<4096ul>)	_allgather_base	27267072.0	mesh_dp_shard	[8, 12]	BFloat16	54534144
19	DP	1270003808	1331001434	60997626	ncclDevKernel_AllGather_RING_LL(ncclDevKernelArgsStorage<4096ul>)	_allgather_base	27267072.0	mesh_dp_shard	[8, 12]	BFloat16	54534144
19	PP	2634084873	2647863113	13778240	ncclDevKernel_SendRecv(ncclDevKernelArgsStorage<4096ul>)						33554432
19	DP	4641985964	4999133855	357147891	ncclDevKernel_ReduceScatter_Sum_f32_RING_LL(ncclDevKernelArgsStorage<4096ul>)	_reduce_scatter_base	131338240.0	mesh_dp_shard	[8, 12]	Float	525352960
19	DP	4999502944	5150002042	150499098	ncclDevKernel_ReduceScatter_Sum_f32_RING_LL(ncclDevKernelArgsStorage<4096ul>)	_reduce_scatter_base	54534144.0	mesh_dp_shard	[8, 12]	Float	218136576
19	DP	5150369723	5299583603	149213880	ncclDevKernel_ReduceScatter_Sum_f32_RING_LL(ncclDevKernelArgsStorage<4096ul>)	_reduce_scatter_base	54534144.0	mesh_dp_shard	[8, 12]	Float	218136576
19	DP	5299945460	5447274217	147328757	ncclDevKernel_ReduceScatter_Sum_f32_RING_LL(ncclDevKernelArgsStorage<4096ul>)	_reduce_scatter_base	54534144.0	mesh_dp_shard	[8, 12]	Float	218136576
19	DP	5447641450	5597407524	149766074	ncclDevKernel_ReduceScatter_Sum_f32_RING_LL(ncclDevKernelArgsStorage<4096ul>)	_reduce_scatter_base	54534144.0	mesh_dp_shard	[8, 12]	Float	218136576
19	DP	5597781636	5745078650	147297014	ncclDevKernel_ReduceScatter_Sum_f32_RING_LL(ncclDevKernelArgsStorage<4096ul>)	_reduce_scatter_base	54534144.0	mesh_dp_shard	[8, 12]	Float	218136576
19	DP	5745451546	5892243503	146791957	ncclDevKernel_ReduceScatter_Sum_f32_RING_LL(ncclDevKernelArgsStorage<4096ul>)	_reduce_scatter_base	54534144.0	mesh_dp_shard	[8, 12]	Float	218136576
19	DP	5892611023	6036852064	144241041	ncclDevKernel_ReduceScatter_Sum_f32_RING_LL(ncclDevKernelArgsStorage<4096ul>)	_reduce_scatter_base	54534144.0	mesh_dp_shard	[8, 12]	Float	218136576
19	DP	6037223968	6184110645	146886677	ncclDevKernel_ReduceScatter_Sum_f32_RING_LL(ncclDevKernelArgsStorage<4096ul>)	_reduce_scatter_base	54534144.0	mesh_dp_shard	[8, 12]	Float	218136576
19	DP	6184485397	6330179624	145694227	ncclDevKernel_ReduceScatter_Sum_f32_RING_LL(ncclDevKernelArgsStorage<4096ul>)	_reduce_scatter_base	54534144.0	mesh_dp_shard	[8, 12]	Float	218136576
19	DP	6330535657	6477878558	147342901	ncclDevKernel_ReduceScatter_Sum_f32_RING_LL(ncclDevKernelArgsStorage<4096ul>)	_reduce_scatter_base	54534144.0	mesh_dp_shard	[8, 12]	Float	218136576
19	DP	6478242815	6624713235	146470420	ncclDevKernel_ReduceScatter_Sum_f32_RING_LL(ncclDevKernelArgsStorage<4096ul>)	_reduce_scatter_base	54534144.0	mesh_dp_shard	[8, 12]	Float	218136576
19	DP	6625066419	6773032330	147965911	ncclDevKernel_ReduceScatter_Sum_f32_RING_LL(ncclDevKernelArgsStorage<4096ul>)	_reduce_scatter_base	54534144.0	mesh_dp_shard	[8, 12]	Float	218136576
19	DP	6773387210	6921014240	147627030	ncclDevKernel_ReduceScatter_Sum_f32_RING_LL(ncclDevKernelArgsStorage<4096ul>)	_reduce_scatter_base	54534144.0	mesh_dp_shard	[8, 12]	Float	218136576
19	DP	6921367969	7070859642	149491673	ncclDevKernel_ReduceScatter_Sum_f32_RING_LL(ncclDevKernelArgsStorage<4096ul>)	_reduce_scatter_base	54534144.0	mesh_dp_shard	[8, 12]	Float	218136576
19	DP	7071211866	7218882032	147670166	ncclDevKernel_ReduceScatter_Sum_f32_RING_LL(ncclDevKernelArgsStorage<4096ul>)	_reduce_scatter_base	54534144.0	mesh_dp_shard	[8, 12]	Float	218136576
19	DP	7219238897	7364454854	145215957	ncclDevKernel_ReduceScatter_Sum_f32_RING_LL(ncclDevKernelArgsStorage<4096ul>)	_reduce_scatter_base	54534144.0	mesh_dp_shard	[8, 12]	Float	218136576
19	PP	7364458630	7371750517	7291887	ncclDevKernel_SendRecv(ncclDevKernelArgsStorage<4096ul>)						33554432
19	DP	7375191932	7375201756	9824	ncclDevKernel_AllReduce_Sum_f32_RING_LL(ncclDevKernelArgsStorage<4096ul>)	allreduce	1.0	mesh_dp_shard	[8, 12]	Float	4
19	PP	7381058088	10653026978	3271968890	ncclDevKernel_AllReduce_Sum_f32_RING_LL(ncclDevKernelArgsStorage<4096ul>)	allreduce	1.0	mesh_pp	[0, 8]	Float	4
19	DP	10667493216	10667508256	15040	ncclDevKernel_AllReduce_Sum_f32_RING_LL(ncclDevKernelArgsStorage<4096ul>)	allreduce	1.0	mesh_dp_shard	[8, 12]	Float	4
19	DP	10669350371	10669369859	19488	ncclDevKernel_AllReduce_Sum_f32_RING_LL(ncclDevKernelArgsStorage<4096ul>)	allreduce	1.0	mesh_dp_shard	[8, 12]	Float	4
